idarticuloxsucursal,idarticulo,idsucursal,idusuario,idusuario_update,stocksucursal,stockminimo,stockmaximo,pc,pc,precio_venta_oferta,precio_ventaNocturno,descuento_porcentaje,precio_descuento,precio_rango1,precio_rango1_Dos,precio_rango2,precio_rango2_Dos,precio_rango3,precio_rango3_Dos,nombre_01,stock_unidad,pc,nombre_02,stock_blister,precio_blister,nombre_03,stock_caja,precio_caja,nombre_04,stock_fardo,precio_fardo,nombre_05,stock_sacos,precio_sacos,nombre_06,stock_paquete,precio_paquete,nombre_07,stock_07,precio_07,nombre_08,stock_08,precio_08,nombre_09,stock_09,precio_09,nombre_10,stock_10,precio_10,nombre_11,stock_11,precio_11,nombre_12,stock_12,precio_12,nombre_13,stock_13,precio_13,nombre_14,stock_14,precio_14,nombre_15,stock_15,precio_15,nombre_16,stock_16,precio_16,nombre_17,stock_17,precio_17,nombre_18,stock_18,precio_18,nombre_19,stock_19,precio_19,nombre_20,stock_20,precio_20,ganacia_articulo,condicion,fecha_creacion,fecha_creacion,tipo_ganacia,precio_activado,producto_iva_exento,producto_consignacion,aplica_impuestos,precio_rango1_Mecanico,precio_rango2_MecanicoDos,precio_rango3_MecanicoTres,precio_rango1_Distribuidor,precio_rango2_DistribuidorDos,precio_rango3_DistribuidorTres,precio_rango1_Mayorista,precio_rango2_MayoristaDos,precio_rango3_MayoristaTres,codigo_sku,precio_activo_si_no,descripcion_2,pocentaje_ganacia
2,2,4,34,0,0,10,0,145,145,0,0,0,0,0,0,0,0,0,0,UNIDAD,1,145,2PACK,0,0,caja,0,0,TONEL,0,0,BLOQUE,0,0,OFERTA DE 3,0,0,Botella,0,0,MANGAS,0,0,CIENTO,0,0,DOCENA,0,0,Blister de 10 pastillas,0,0,KILO,0,0,MEDIA DOCENA,0,0,LIBRA,0,0,MEDIO KITAL,0,0,ROLLO,0,0,CARTON,0,0,paquete,0,0,ARROBA,0,0,CUBETAZO DE 6 CERVEZAS,0,0,0,1,2026/07/28 13:01,2026/07/28 13:01,0,NO,NO,SI,SI,0,0,0,0,0,0,0,0,0,0,0,.,0
3,3,4,34,0,0,10,0,50,50,0,0,0,0,0,0,0,0,0,0,UNIDAD,1,50,2PACK,0,0,caja,0,0,TONEL,0,0,BLOQUE,0,0,OFERTA DE 3,0,0,Botella,0,0,MANGAS,0,0,CIENTO,0,0,DOCENA,0,0,Blister de 10 pastillas,0,0,KILO,0,0,MEDIA DOCENA,0,0,LIBRA,0,0,MEDIO KITAL,0,0,ROLLO,0,0,CARTON,0,0,paquete,0,0,ARROBA,0,0,CUBETAZO DE 6 CERVEZAS,0,0,0,1,2026/07/28 13:01,2026/07/28 13:01,0,NO,NO,SI,SI,0,0,0,0,0,0,0,0,0,0,0,.,0
4,4,4,34,0,0,10,0,270,270,0,0,0,0,0,0,0,0,0,0,UNIDAD,1,270,2PACK,0,0,caja,0,0,TONEL,0,0,BLOQUE,0,0,OFERTA DE 3,0,0,Botella,0,0,MANGAS,0,0,CIENTO,0,0,DOCENA,0,0,Blister de 10 pastillas,0,0,KILO,0,0,MEDIA DOCENA,0,0,LIBRA,0,0,MEDIO KITAL,0,0,ROLLO,0,0,CARTON,0,0,paquete,0,0,ARROBA,0,0,CUBETAZO DE 6 CERVEZAS,0,0,0,1,2026/07/28 13:01,2026/07/28 13:01,0,NO,NO,SI,SI,0,0,0,0,0,0,0,0,0,0,0,.,0
5,5,4,34,0,0,10,0,100,100,0,0,0,0,0,0,0,0,0,0,UNIDAD,1,100,2PACK,0,0,caja,0,0,TONEL,0,0,BLOQUE,0,0,OFERTA DE 3,0,0,Botella,0,0,MANGAS,0,0,CIENTO,0,0,DOCENA,0,0,Blister de 10 pastillas,0,0,KILO,0,0,MEDIA DOCENA,0,0,LIBRA,0,0,MEDIO KITAL,0,0,ROLLO,0,0,CARTON,0,0,paquete,0,0,ARROBA,0,0,CUBETAZO DE 6 CERVEZAS,0,0,0,1,2026/07/28 13:01,2026/07/28 13:01,0,NO,NO,SI,SI,0,0,0,0,0,0,0,0,0,0,0,.,0
6,6,4,34,0,0,10,0,285.5,285.5,0,0,0,0,0,0,0,0,0,0,UNIDAD,1,285.5,2PACK,0,0,caja,0,0,TONEL,0,0,BLOQUE,0,0,OFERTA DE 3,0,0,Botella,0,0,MANGAS,0,0,CIENTO,0,0,DOCENA,0,0,Blister de 10 pastillas,0,0,KILO,0,0,MEDIA DOCENA,0,0,LIBRA,0,0,MEDIO KITAL,0,0,ROLLO,0,0,CARTON,0,0,paquete,0,0,ARROBA,0,0,CUBETAZO DE 6 CERVEZAS,0,0,0,1,2026/07/28 13:01,2026/07/28 13:01,0,NO,NO,SI,SI,0,0,0,0,0,0,0,0,0,0,0,.,0
7,7,4,34,0,0,10,0,224.5,224.5,0,0,0,0,0,0,0,0,0,0,UNIDAD,1,224.5,2PACK,0,0,caja,0,0,TONEL,0,0,BLOQUE,0,0,OFERTA DE 3,0,0,Botella,0,0,MANGAS,0,0,CIENTO,0,0,DOCENA,0,0,Blister de 10 pastillas,0,0,KILO,0,0,MEDIA DOCENA,0,0,LIBRA,0,0,MEDIO KITAL,0,0,ROLLO,0,0,CARTON,0,0,paquete,0,0,ARROBA,0,0,CUBETAZO DE 6 CERVEZAS,0,0,0,1,2026/07/28 13:01,2026/07/28 13:01,0,NO,NO,SI,SI,0,0,0,0,0,0,0,0,0,0,0,.,0
8,8,4,34,0,0,10,0,265,265,0,0,0,0,0,0,0,0,0,0,UNIDAD,1,265,2PACK,0,0,caja,0,0,TONEL,0,0,BLOQUE,0,0,OFERTA DE 3,0,0,Botella,0,0,MANGAS,0,0,CIENTO,0,0,DOCENA,0,0,Blister de 10 pastillas,0,0,KILO,0,0,MEDIA DOCENA,0,0,LIBRA,0,0,MEDIO KITAL,0,0,ROLLO,0,0,CARTON,0,0,paquete,0,0,ARROBA,0,0,CUBETAZO DE 6 CERVEZAS,0,0,0,1,2026/07/28 13:01,2026/07/28 13:01,0,NO,NO,SI,SI,0,0,0,0,0,0,0,0,0,0,0,.,0
9,9,4,34,0,0,10,0,301.25,301.25,0,0,0,0,0,0,0,0,0,0,UNIDAD,1,301.25,2PACK,0,0,caja,0,0,TONEL,0,0,BLOQUE,0,0,OFERTA DE 3,0,0,Botella,0,0,MANGAS,0,0,CIENTO,0,0,DOCENA,0,0,Blister de 10 pastillas,0,0,KILO,0,0,MEDIA DOCENA,0,0,LIBRA,0,0,MEDIO KITAL,0,0,ROLLO,0,0,CARTON,0,0,paquete,0,0,ARROBA,0,0,CUBETAZO DE 6 CERVEZAS,0,0,0,1,2026/07/28 13:01,2026/07/28 13:01,0,NO,NO,SI,SI,0,0,0,0,0,0,0,0,0,0,0,.,0
10,10,4,34,0,0,10,0,300.5,300.5,0,0,0,0,0,0,0,0,0,0,UNIDAD,1,300.5,2PACK,0,0,caja,0,0,TONEL,0,0,BLOQUE,0,0,OFERTA DE 3,0,0,Botella,0,0,MANGAS,0,0,CIENTO,0,0,DOCENA,0,0,Blister de 10 pastillas,0,0,KILO,0,0,MEDIA DOCENA,0,0,LIBRA,0,0,MEDIO KITAL,0,0,ROLLO,0,0,CARTON,0,0,paquete,0,0,ARROBA,0,0,CUBETAZO DE 6 CERVEZAS,0,0,0,1,2026/07/28 13:01,2026/07/28 13:01,0,NO,NO,SI,SI,0,0,0,0,0,0,0,0,0,0,0,.,0
11,11,4,34,0,0,10,0,242,242,0,0,0,0,0,0,0,0,0,0,UNIDAD,1,242,2PACK,0,0,caja,0,0,TONEL,0,0,BLOQUE,0,0,OFERTA DE 3,0,0,Botella,0,0,MANGAS,0,0,CIENTO,0,0,DOCENA,0,0,Blister de 10 pastillas,0,0,KILO,0,0,MEDIA DOCENA,0,0,LIBRA,0,0,MEDIO KITAL,0,0,ROLLO,0,0,CARTON,0,0,paquete,0,0,ARROBA,0,0,CUBETAZO DE 6 CERVEZAS,0,0,0,1,2026/07/28 13:01,2026/07/28 13:01,0,NO,NO,SI,SI,0,0,0,0,0,0,0,0,0,0,0,.,0
12,12,4,34,0,0,10,0,321.5,321.5,0,0,0,0,0,0,0,0,0,0,UNIDAD,1,321.5,2PACK,0,0,caja,0,0,TONEL,0,0,BLOQUE,0,0,OFERTA DE 3,0,0,Botella,0,0,MANGAS,0,0,CIENTO,0,0,DOCENA,0,0,Blister de 10 pastillas,0,0,KILO,0,0,MEDIA DOCENA,0,0,LIBRA,0,0,MEDIO KITAL,0,0,ROLLO,0,0,CARTON,0,0,paquete,0,0,ARROBA,0,0,CUBETAZO DE 6 CERVEZAS,0,0,0,1,2026/07/28 13:01,2026/07/28 13:01,0,NO,NO,SI,SI,0,0,0,0,0,0,0,0,0,0,0,.,0
13,13,4,34,0,0,10,0,216,216,0,0,0,0,0,0,0,0,0,0,UNIDAD,1,216,2PACK,0,0,caja,0,0,TONEL,0,0,BLOQUE,0,0,OFERTA DE 3,0,0,Botella,0,0,MANGAS,0,0,CIENTO,0,0,DOCENA,0,0,Blister de 10 pastillas,0,0,KILO,0,0,MEDIA DOCENA,0,0,LIBRA,0,0,MEDIO KITAL,0,0,ROLLO,0,0,CARTON,0,0,paquete,0,0,ARROBA,0,0,CUBETAZO DE 6 CERVEZAS,0,0,0,1,2026/07/28 13:01,2026/07/28 13:01,0,NO,NO,SI,SI,0,0,0,0,0,0,0,0,0,0,0,.,0
14,14,4,34,0,0,10,0,333.5,333.5,0,0,0,0,0,0,0,0,0,0,UNIDAD,1,333.5,2PACK,0,0,caja,0,0,TONEL,0,0,BLOQUE,0,0,OFERTA DE 3,0,0,Botella,0,0,MANGAS,0,0,CIENTO,0,0,DOCENA,0,0,Blister de 10 pastillas,0,0,KILO,0,0,MEDIA DOCENA,0,0,LIBRA,0,0,MEDIO KITAL,0,0,ROLLO,0,0,CARTON,0,0,paquete,0,0,ARROBA,0,0,CUBETAZO DE 6 CERVEZAS,0,0,0,1,2026/07/28 13:01,2026/07/28 13:01,0,NO,NO,SI,SI,0,0,0,0,0,0,0,0,0,0,0,.,0
15,15,4,34,0,0,10,0,310,310,0,0,0,0,0,0,0,0,0,0,UNIDAD,1,310,2PACK,0,0,caja,0,0,TONEL,0,0,BLOQUE,0,0,OFERTA DE 3,0,0,Botella,0,0,MANGAS,0,0,CIENTO,0,0,DOCENA,0,0,Blister de 10 pastillas,0,0,KILO,0,0,MEDIA DOCENA,0,0,LIBRA,0,0,MEDIO KITAL,0,0,ROLLO,0,0,CARTON,0,0,paquete,0,0,ARROBA,0,0,CUBETAZO DE 6 CERVEZAS,0,0,0,1,2026/07/28 13:01,2026/07/28 13:01,0,NO,NO,SI,SI,0,0,0,0,0,0,0,0,0,0,0,.,0
16,16,4,34,0,0,10,0,391.5,391.5,0,0,0,0,0,0,0,0,0,0,UNIDAD,1,391.5,2PACK,0,0,caja,0,0,TONEL,0,0,BLOQUE,0,0,OFERTA DE 3,0,0,Botella,0,0,MANGAS,0,0,CIENTO,0,0,DOCENA,0,0,Blister de 10 pastillas,0,0,KILO,0,0,MEDIA DOCENA,0,0,LIBRA,0,0,MEDIO KITAL,0,0,ROLLO,0,0,CARTON,0,0,paquete,0,0,ARROBA,0,0,CUBETAZO DE 6 CERVEZAS,0,0,0,1,2026/07/28 13:01,2026/07/28 13:01,0,NO,NO,SI,SI,0,0,0,0,0,0,0,0,0,0,0,.,0
17,17,4,34,0,0,10,0,283.93,283.93,0,0,0,0,0,0,0,0,0,0,UNIDAD,1,283.93,2PACK,0,0,caja,0,0,TONEL,0,0,BLOQUE,0,0,OFERTA DE 3,0,0,Botella,0,0,MANGAS,0,0,CIENTO,0,0,DOCENA,0,0,Blister de 10 pastillas,0,0,KILO,0,0,MEDIA DOCENA,0,0,LIBRA,0,0,MEDIO KITAL,0,0,ROLLO,0,0,CARTON,0,0,paquete,0,0,ARROBA,0,0,CUBETAZO DE 6 CERVEZAS,0,0,0,1,2026/07/28 13:01,2026/07/28 13:01,0,NO,NO,SI,SI,0,0,0,0,0,0,0,0,0,0,0,.,0
18,18,4,34,0,0,10,0,263.39,263.39,0,0,0,0,0,0,0,0,0,0,UNIDAD,1,263.39,2PACK,0,0,caja,0,0,TONEL,0,0,BLOQUE,0,0,OFERTA DE 3,0,0,Botella,0,0,MANGAS,0,0,CIENTO,0,0,DOCENA,0,0,Blister de 10 pastillas,0,0,KILO,0,0,MEDIA DOCENA,0,0,LIBRA,0,0,MEDIO KITAL,0,0,ROLLO,0,0,CARTON,0,0,paquete,0,0,ARROBA,0,0,CUBETAZO DE 6 CERVEZAS,0,0,0,1,2026/07/28 13:01,2026/07/28 13:01,0,NO,NO,SI,SI,0,0,0,0,0,0,0,0,0,0,0,.,0
19,19,4,34,0,0,10,0,86.5,86.5,0,0,0,0,0,0,0,0,0,0,UNIDAD,1,86.5,2PACK,0,0,caja,0,0,TONEL,0,0,BLOQUE,0,0,OFERTA DE 3,0,0,Botella,0,0,MANGAS,0,0,CIENTO,0,0,DOCENA,0,0,Blister de 10 pastillas,0,0,KILO,0,0,MEDIA DOCENA,0,0,LIBRA,0,0,MEDIO KITAL,0,0,ROLLO,0,0,CARTON,0,0,paquete,0,0,ARROBA,0,0,CUBETAZO DE 6 CERVEZAS,0,0,0,1,2026/07/28 13:01,2026/07/28 13:01,0,NO,NO,SI,SI,0,0,0,0,0,0,0,0,0,0,0,.,0
20,20,4,34,0,0,10,0,321.5,321.5,0,0,0,0,0,0,0,0,0,0,UNIDAD,1,321.5,2PACK,0,0,caja,0,0,TONEL,0,0,BLOQUE,0,0,OFERTA DE 3,0,0,Botella,0,0,MANGAS,0,0,CIENTO,0,0,DOCENA,0,0,Blister de 10 pastillas,0,0,KILO,0,0,MEDIA DOCENA,0,0,LIBRA,0,0,MEDIO KITAL,0,0,ROLLO,0,0,CARTON,0,0,paquete,0,0,ARROBA,0,0,CUBETAZO DE 6 CERVEZAS,0,0,0,1,2026/07/28 13:01,2026/07/28 13:01,0,NO,NO,SI,SI,0,0,0,0,0,0,0,0,0,0,0,.,0
21,21,4,34,0,0,10,0,212,212,0,0,0,0,0,0,0,0,0,0,UNIDAD,1,212,2PACK,0,0,caja,0,0,TONEL,0,0,BLOQUE,0,0,OFERTA DE 3,0,0,Botella,0,0,MANGAS,0,0,CIENTO,0,0,DOCENA,0,0,Blister de 10 pastillas,0,0,KILO,0,0,MEDIA DOCENA,0,0,LIBRA,0,0,MEDIO KITAL,0,0,ROLLO,0,0,CARTON,0,0,paquete,0,0,ARROBA,0,0,CUBETAZO DE 6 CERVEZAS,0,0,0,1,2026/07/28 13:01,2026/07/28 13:01,0,NO,NO,SI,SI,0,0,0,0,0,0,0,0,0,0,0,.,0
22,22,4,34,0,0,10,0,292,292,0,0,0,0,0,0,0,0,0,0,UNIDAD,1,292,2PACK,0,0,caja,0,0,TONEL,0,0,BLOQUE,0,0,OFERTA DE 3,0,0,Botella,0,0,MANGAS,0,0,CIENTO,0,0,DOCENA,0,0,Blister de 10 pastillas,0,0,KILO,0,0,MEDIA DOCENA,0,0,LIBRA,0,0,MEDIO KITAL,0,0,ROLLO,0,0,CARTON,0,0,paquete,0,0,ARROBA,0,0,CUBETAZO DE 6 CERVEZAS,0,0,0,1,2026/07/28 13:01,2026/07/28 13:01,0,NO,NO,SI,SI,0,0,0,0,0,0,0,0,0,0,0,.,0
23,23,4,34,0,0,10,0,100,100,0,0,0,0,0,0,0,0,0,0,UNIDAD,1,100,2PACK,0,0,caja,0,0,TONEL,0,0,BLOQUE,0,0,OFERTA DE 3,0,0,Botella,0,0,MANGAS,0,0,CIENTO,0,0,DOCENA,0,0,Blister de 10 pastillas,0,0,KILO,0,0,MEDIA DOCENA,0,0,LIBRA,0,0,MEDIO KITAL,0,0,ROLLO,0,0,CARTON,0,0,paquete,0,0,ARROBA,0,0,CUBETAZO DE 6 CERVEZAS,0,0,0,1,2026/07/28 13:01,2026/07/28 13:01,0,NO,NO,SI,SI,0,0,0,0,0,0,0,0,0,0,0,.,0
24,24,4,34,0,0,10,0,327,327,0,0,0,0,0,0,0,0,0,0,UNIDAD,1,327,2PACK,0,0,caja,0,0,TONEL,0,0,BLOQUE,0,0,OFERTA DE 3,0,0,Botella,0,0,MANGAS,0,0,CIENTO,0,0,DOCENA,0,0,Blister de 10 pastillas,0,0,KILO,0,0,MEDIA DOCENA,0,0,LIBRA,0,0,MEDIO KITAL,0,0,ROLLO,0,0,CARTON,0,0,paquete,0,0,ARROBA,0,0,CUBETAZO DE 6 CERVEZAS,0,0,0,1,2026/07/28 13:01,2026/07/28 13:01,0,NO,NO,SI,SI,0,0,0,0,0,0,0,0,0,0,0,.,0
25,25,4,34,0,0,10,0,303,303,0,0,0,0,0,0,0,0,0,0,UNIDAD,1,303,2PACK,0,0,caja,0,0,TONEL,0,0,BLOQUE,0,0,OFERTA DE 3,0,0,Botella,0,0,MANGAS,0,0,CIENTO,0,0,DOCENA,0,0,Blister de 10 pastillas,0,0,KILO,0,0,MEDIA DOCENA,0,0,LIBRA,0,0,MEDIO KITAL,0,0,ROLLO,0,0,CARTON,0,0,paquete,0,0,ARROBA,0,0,CUBETAZO DE 6 CERVEZAS,0,0,0,1,2026/07/28 13:01,2026/07/28 13:01,0,NO,NO,SI,SI,0,0,0,0,0,0,0,0,0,0,0,.,0
26,26,4,34,0,0,10,0,233,233,0,0,0,0,0,0,0,0,0,0,UNIDAD,1,233,2PACK,0,0,caja,0,0,TONEL,0,0,BLOQUE,0,0,OFERTA DE 3,0,0,Botella,0,0,MANGAS,0,0,CIENTO,0,0,DOCENA,0,0,Blister de 10 pastillas,0,0,KILO,0,0,MEDIA DOCENA,0,0,LIBRA,0,0,MEDIO KITAL,0,0,ROLLO,0,0,CARTON,0,0,paquete,0,0,ARROBA,0,0,CUBETAZO DE 6 CERVEZAS,0,0,0,1,2026/07/28 13:01,2026/07/28 13:01,0,NO,NO,SI,SI,0,0,0,0,0,0,0,0,0,0,0,.,0
27,27,4,34,0,0,10,0,276.5,276.5,0,0,0,0,0,0,0,0,0,0,UNIDAD,1,276.5,2PACK,0,0,caja,0,0,TONEL,0,0,BLOQUE,0,0,OFERTA DE 3,0,0,Botella,0,0,MANGAS,0,0,CIENTO,0,0,DOCENA,0,0,Blister de 10 pastillas,0,0,KILO,0,0,MEDIA DOCENA,0,0,LIBRA,0,0,MEDIO KITAL,0,0,ROLLO,0,0,CARTON,0,0,paquete,0,0,ARROBA,0,0,CUBETAZO DE 6 CERVEZAS,0,0,0,1,2026/07/28 13:01,2026/07/28 13:01,0,NO,NO,SI,SI,0,0,0,0,0,0,0,0,0,0,0,.,0
28,28,4,34,0,0,10,0,276.5,276.5,0,0,0,0,0,0,0,0,0,0,UNIDAD,1,276.5,2PACK,0,0,caja,0,0,TONEL,0,0,BLOQUE,0,0,OFERTA DE 3,0,0,Botella,0,0,MANGAS,0,0,CIENTO,0,0,DOCENA,0,0,Blister de 10 pastillas,0,0,KILO,0,0,MEDIA DOCENA,0,0,LIBRA,0,0,MEDIO KITAL,0,0,ROLLO,0,0,CARTON,0,0,paquete,0,0,ARROBA,0,0,CUBETAZO DE 6 CERVEZAS,0,0,0,1,2026/07/28 13:01,2026/07/28 13:01,0,NO,NO,SI,SI,0,0,0,0,0,0,0,0,0,0,0,.,0
29,29,4,34,0,0,10,0,338,338,0,0,0,0,0,0,0,0,0,0,UNIDAD,1,338,2PACK,0,0,caja,0,0,TONEL,0,0,BLOQUE,0,0,OFERTA DE 3,0,0,Botella,0,0,MANGAS,0,0,CIENTO,0,0,DOCENA,0,0,Blister de 10 pastillas,0,0,KILO,0,0,MEDIA DOCENA,0,0,LIBRA,0,0,MEDIO KITAL,0,0,ROLLO,0,0,CARTON,0,0,paquete,0,0,ARROBA,0,0,CUBETAZO DE 6 CERVEZAS,0,0,0,1,2026/07/28 13:01,2026/07/28 13:01,0,NO,NO,SI,SI,0,0,0,0,0,0,0,0,0,0,0,.,0
30,30,4,34,0,0,10,0,8.86,8.86,0,0,0,0,0,0,0,0,0,0,UNIDAD,1,8.86,2PACK,0,0,caja,0,0,TONEL,0,0,BLOQUE,0,0,OFERTA DE 3,0,0,Botella,0,0,MANGAS,0,0,CIENTO,0,0,DOCENA,0,0,Blister de 10 pastillas,0,0,KILO,0,0,MEDIA DOCENA,0,0,LIBRA,0,0,MEDIO KITAL,0,0,ROLLO,0,0,CARTON,0,0,paquete,0,0,ARROBA,0,0,CUBETAZO DE 6 CERVEZAS,0,0,0,1,2026/07/28 13:01,2026/07/28 13:01,0,NO,NO,SI,SI,0,0,0,0,0,0,0,0,0,0,0,.,0
31,31,4,34,0,0,10,0,0,0,0,0,0,0,0,0,0,0,0,0,UNIDAD,1,0,2PACK,0,0,caja,0,0,TONEL,0,0,BLOQUE,0,0,OFERTA DE 3,0,0,Botella,0,0,MANGAS,0,0,CIENTO,0,0,DOCENA,0,0,Blister de 10 pastillas,0,0,KILO,0,0,MEDIA DOCENA,0,0,LIBRA,0,0,MEDIO KITAL,0,0,ROLLO,0,0,CARTON,0,0,paquete,0,0,ARROBA,0,0,CUBETAZO DE 6 CERVEZAS,0,0,0,1,2026/07/28 13:01,2026/07/28 13:01,0,NO,NO,SI,SI,0,0,0,0,0,0,0,0,0,0,0,.,0
32,32,4,34,0,0,10,0,0,0,0,0,0,0,0,0,0,0,0,0,UNIDAD,1,0,2PACK,0,0,caja,0,0,TONEL,0,0,BLOQUE,0,0,OFERTA DE 3,0,0,Botella,0,0,MANGAS,0,0,CIENTO,0,0,DOCENA,0,0,Blister de 10 pastillas,0,0,KILO,0,0,MEDIA DOCENA,0,0,LIBRA,0,0,MEDIO KITAL,0,0,ROLLO,0,0,CARTON,0,0,paquete,0,0,ARROBA,0,0,CUBETAZO DE 6 CERVEZAS,0,0,0,1,2026/07/28 13:01,2026/07/28 13:01,0,NO,NO,SI,SI,0,0,0,0,0,0,0,0,0,0,0,.,0
33,33,4,34,0,0,10,0,190,190,0,0,0,0,0,0,0,0,0,0,UNIDAD,1,190,2PACK,0,0,caja,0,0,TONEL,0,0,BLOQUE,0,0,OFERTA DE 3,0,0,Botella,0,0,MANGAS,0,0,CIENTO,0,0,DOCENA,0,0,Blister de 10 pastillas,0,0,KILO,0,0,MEDIA DOCENA,0,0,LIBRA,0,0,MEDIO KITAL,0,0,ROLLO,0,0,CARTON,0,0,paquete,0,0,ARROBA,0,0,CUBETAZO DE 6 CERVEZAS,0,0,0,1,2026/07/28 13:01,2026/07/28 13:01,0,NO,NO,SI,SI,0,0,0,0,0,0,0,0,0,0,0,.,0
34,34,4,34,0,0,10,0,215.81,215.81,0,0,0,0,0,0,0,0,0,0,UNIDAD,1,215.81,2PACK,0,0,caja,0,0,TONEL,0,0,BLOQUE,0,0,OFERTA DE 3,0,0,Botella,0,0,MANGAS,0,0,CIENTO,0,0,DOCENA,0,0,Blister de 10 pastillas,0,0,KILO,0,0,MEDIA DOCENA,0,0,LIBRA,0,0,MEDIO KITAL,0,0,ROLLO,0,0,CARTON,0,0,paquete,0,0,ARROBA,0,0,CUBETAZO DE 6 CERVEZAS,0,0,0,1,2026/07/28 13:01,2026/07/28 13:01,0,NO,NO,SI,SI,0,0,0,0,0,0,0,0,0,0,0,.,0
35,35,4,34,0,0,10,0,195,195,0,0,0,0,0,0,0,0,0,0,UNIDAD,1,195,2PACK,0,0,caja,0,0,TONEL,0,0,BLOQUE,0,0,OFERTA DE 3,0,0,Botella,0,0,MANGAS,0,0,CIENTO,0,0,DOCENA,0,0,Blister de 10 pastillas,0,0,KILO,0,0,MEDIA DOCENA,0,0,LIBRA,0,0,MEDIO KITAL,0,0,ROLLO,0,0,CARTON,0,0,paquete,0,0,ARROBA,0,0,CUBETAZO DE 6 CERVEZAS,0,0,0,1,2026/07/28 13:01,2026/07/28 13:01,0,NO,NO,SI,SI,0,0,0,0,0,0,0,0,0,0,0,.,0
36,36,4,34,0,0,10,0,172,172,0,0,0,0,0,0,0,0,0,0,UNIDAD,1,172,2PACK,0,0,caja,0,0,TONEL,0,0,BLOQUE,0,0,OFERTA DE 3,0,0,Botella,0,0,MANGAS,0,0,CIENTO,0,0,DOCENA,0,0,Blister de 10 pastillas,0,0,KILO,0,0,MEDIA DOCENA,0,0,LIBRA,0,0,MEDIO KITAL,0,0,ROLLO,0,0,CARTON,0,0,paquete,0,0,ARROBA,0,0,CUBETAZO DE 6 CERVEZAS,0,0,0,1,2026/07/28 13:01,2026/07/28 13:01,0,NO,NO,SI,SI,0,0,0,0,0,0,0,0,0,0,0,.,0
37,37,4,34,0,0,10,0,196,196,0,0,0,0,0,0,0,0,0,0,UNIDAD,1,196,2PACK,0,0,caja,0,0,TONEL,0,0,BLOQUE,0,0,OFERTA DE 3,0,0,Botella,0,0,MANGAS,0,0,CIENTO,0,0,DOCENA,0,0,Blister de 10 pastillas,0,0,KILO,0,0,MEDIA DOCENA,0,0,LIBRA,0,0,MEDIO KITAL,0,0,ROLLO,0,0,CARTON,0,0,paquete,0,0,ARROBA,0,0,CUBETAZO DE 6 CERVEZAS,0,0,0,1,2026/07/28 13:01,2026/07/28 13:01,0,NO,NO,SI,SI,0,0,0,0,0,0,0,0,0,0,0,.,0
38,38,4,34,0,0,10,0,255.63,255.63,0,0,0,0,0,0,0,0,0,0,UNIDAD,1,255.63,2PACK,0,0,caja,0,0,TONEL,0,0,BLOQUE,0,0,OFERTA DE 3,0,0,Botella,0,0,MANGAS,0,0,CIENTO,0,0,DOCENA,0,0,Blister de 10 pastillas,0,0,KILO,0,0,MEDIA DOCENA,0,0,LIBRA,0,0,MEDIO KITAL,0,0,ROLLO,0,0,CARTON,0,0,paquete,0,0,ARROBA,0,0,CUBETAZO DE 6 CERVEZAS,0,0,0,1,2026/07/28 13:01,2026/07/28 13:01,0,NO,NO,SI,SI,0,0,0,0,0,0,0,0,0,0,0,.,0
39,39,4,34,0,0,10,0,200,200,0,0,0,0,0,0,0,0,0,0,UNIDAD,1,200,2PACK,0,0,caja,0,0,TONEL,0,0,BLOQUE,0,0,OFERTA DE 3,0,0,Botella,0,0,MANGAS,0,0,CIENTO,0,0,DOCENA,0,0,Blister de 10 pastillas,0,0,KILO,0,0,MEDIA DOCENA,0,0,LIBRA,0,0,MEDIO KITAL,0,0,ROLLO,0,0,CARTON,0,0,paquete,0,0,ARROBA,0,0,CUBETAZO DE 6 CERVEZAS,0,0,0,1,2026/07/28 13:01,2026/07/28 13:01,0,NO,NO,SI,SI,0,0,0,0,0,0,0,0,0,0,0,.,0
40,40,4,34,0,0,10,0,260.89,260.89,0,0,0,0,0,0,0,0,0,0,UNIDAD,1,260.89,2PACK,0,0,caja,0,0,TONEL,0,0,BLOQUE,0,0,OFERTA DE 3,0,0,Botella,0,0,MANGAS,0,0,CIENTO,0,0,DOCENA,0,0,Blister de 10 pastillas,0,0,KILO,0,0,MEDIA DOCENA,0,0,LIBRA,0,0,MEDIO KITAL,0,0,ROLLO,0,0,CARTON,0,0,paquete,0,0,ARROBA,0,0,CUBETAZO DE 6 CERVEZAS,0,0,0,1,2026/07/28 13:01,2026/07/28 13:01,0,NO,NO,SI,SI,0,0,0,0,0,0,0,0,0,0,0,.,0
41,41,4,34,0,0,10,0,260.93,260.93,0,0,0,0,0,0,0,0,0,0,UNIDAD,1,260.93,2PACK,0,0,caja,0,0,TONEL,0,0,BLOQUE,0,0,OFERTA DE 3,0,0,Botella,0,0,MANGAS,0,0,CIENTO,0,0,DOCENA,0,0,Blister de 10 pastillas,0,0,KILO,0,0,MEDIA DOCENA,0,0,LIBRA,0,0,MEDIO KITAL,0,0,ROLLO,0,0,CARTON,0,0,paquete,0,0,ARROBA,0,0,CUBETAZO DE 6 CERVEZAS,0,0,0,1,2026/07/28 13:01,2026/07/28 13:01,0,NO,NO,SI,SI,0,0,0,0,0,0,0,0,0,0,0,.,0
42,42,4,34,0,0,10,0,0,0,0,0,0,0,0,0,0,0,0,0,UNIDAD,1,0,2PACK,0,0,caja,0,0,TONEL,0,0,BLOQUE,0,0,OFERTA DE 3,0,0,Botella,0,0,MANGAS,0,0,CIENTO,0,0,DOCENA,0,0,Blister de 10 pastillas,0,0,KILO,0,0,MEDIA DOCENA,0,0,LIBRA,0,0,MEDIO KITAL,0,0,ROLLO,0,0,CARTON,0,0,paquete,0,0,ARROBA,0,0,CUBETAZO DE 6 CERVEZAS,0,0,0,1,2026/07/28 13:01,2026/07/28 13:01,0,NO,NO,SI,SI,0,0,0,0,0,0,0,0,0,0,0,.,0
43,43,4,34,0,0,10,0,14.5,14.5,0,0,0,0,0,0,0,0,0,0,UNIDAD,1,14.5,2PACK,0,0,caja,0,0,TONEL,0,0,BLOQUE,0,0,OFERTA DE 3,0,0,Botella,0,0,MANGAS,0,0,CIENTO,0,0,DOCENA,0,0,Blister de 10 pastillas,0,0,KILO,0,0,MEDIA DOCENA,0,0,LIBRA,0,0,MEDIO KITAL,0,0,ROLLO,0,0,CARTON,0,0,paquete,0,0,ARROBA,0,0,CUBETAZO DE 6 CERVEZAS,0,0,0,1,2026/07/28 13:01,2026/07/28 13:01,0,NO,NO,SI,SI,0,0,0,0,0,0,0,0,0,0,0,.,0
44,44,4,34,0,0,10,0,16.5,16.5,0,0,0,0,0,0,0,0,0,0,UNIDAD,1,16.5,2PACK,0,0,caja,0,0,TONEL,0,0,BLOQUE,0,0,OFERTA DE 3,0,0,Botella,0,0,MANGAS,0,0,CIENTO,0,0,DOCENA,0,0,Blister de 10 pastillas,0,0,KILO,0,0,MEDIA DOCENA,0,0,LIBRA,0,0,MEDIO KITAL,0,0,ROLLO,0,0,CARTON,0,0,paquete,0,0,ARROBA,0,0,CUBETAZO DE 6 CERVEZAS,0,0,0,1,2026/07/28 13:01,2026/07/28 13:01,0,NO,NO,SI,SI,0,0,0,0,0,0,0,0,0,0,0,.,0
45,45,4,34,0,0,10,0,100,100,0,0,0,0,0,0,0,0,0,0,UNIDAD,1,100,2PACK,0,0,caja,0,0,TONEL,0,0,BLOQUE,0,0,OFERTA DE 3,0,0,Botella,0,0,MANGAS,0,0,CIENTO,0,0,DOCENA,0,0,Blister de 10 pastillas,0,0,KILO,0,0,MEDIA DOCENA,0,0,LIBRA,0,0,MEDIO KITAL,0,0,ROLLO,0,0,CARTON,0,0,paquete,0,0,ARROBA,0,0,CUBETAZO DE 6 CERVEZAS,0,0,0,1,2026/07/28 13:01,2026/07/28 13:01,0,NO,NO,SI,SI,0,0,0,0,0,0,0,0,0,0,0,.,0
46,46,4,34,0,0,10,0,26,26,0,0,0,0,0,0,0,0,0,0,UNIDAD,1,26,2PACK,0,0,caja,0,0,TONEL,0,0,BLOQUE,0,0,OFERTA DE 3,0,0,Botella,0,0,MANGAS,0,0,CIENTO,0,0,DOCENA,0,0,Blister de 10 pastillas,0,0,KILO,0,0,MEDIA DOCENA,0,0,LIBRA,0,0,MEDIO KITAL,0,0,ROLLO,0,0,CARTON,0,0,paquete,0,0,ARROBA,0,0,CUBETAZO DE 6 CERVEZAS,0,0,0,1,2026/07/28 13:01,2026/07/28 13:01,0,NO,NO,SI,SI,0,0,0,0,0,0,0,0,0,0,0,.,0
47,47,4,34,0,0,10,0,0,0,0,0,0,0,0,0,0,0,0,0,UNIDAD,1,0,2PACK,0,0,caja,0,0,TONEL,0,0,BLOQUE,0,0,OFERTA DE 3,0,0,Botella,0,0,MANGAS,0,0,CIENTO,0,0,DOCENA,0,0,Blister de 10 pastillas,0,0,KILO,0,0,MEDIA DOCENA,0,0,LIBRA,0,0,MEDIO KITAL,0,0,ROLLO,0,0,CARTON,0,0,paquete,0,0,ARROBA,0,0,CUBETAZO DE 6 CERVEZAS,0,0,0,1,2026/07/28 13:01,2026/07/28 13:01,0,NO,NO,SI,SI,0,0,0,0,0,0,0,0,0,0,0,.,0
48,48,4,34,0,0,10,0,0,0,0,0,0,0,0,0,0,0,0,0,UNIDAD,1,0,2PACK,0,0,caja,0,0,TONEL,0,0,BLOQUE,0,0,OFERTA DE 3,0,0,Botella,0,0,MANGAS,0,0,CIENTO,0,0,DOCENA,0,0,Blister de 10 pastillas,0,0,KILO,0,0,MEDIA DOCENA,0,0,LIBRA,0,0,MEDIO KITAL,0,0,ROLLO,0,0,CARTON,0,0,paquete,0,0,ARROBA,0,0,CUBETAZO DE 6 CERVEZAS,0,0,0,1,2026/07/28 13:01,2026/07/28 13:01,0,NO,NO,SI,SI,0,0,0,0,0,0,0,0,0,0,0,.,0
49,49,4,34,0,0,10,0,0,0,0,0,0,0,0,0,0,0,0,0,UNIDAD,1,0,2PACK,0,0,caja,0,0,TONEL,0,0,BLOQUE,0,0,OFERTA DE 3,0,0,Botella,0,0,MANGAS,0,0,CIENTO,0,0,DOCENA,0,0,Blister de 10 pastillas,0,0,KILO,0,0,MEDIA DOCENA,0,0,LIBRA,0,0,MEDIO KITAL,0,0,ROLLO,0,0,CARTON,0,0,paquete,0,0,ARROBA,0,0,CUBETAZO DE 6 CERVEZAS,0,0,0,1,2026/07/28 13:01,2026/07/28 13:01,0,NO,NO,SI,SI,0,0,0,0,0,0,0,0,0,0,0,.,0
50,50,4,34,0,0,10,0,0,0,0,0,0,0,0,0,0,0,0,0,UNIDAD,1,0,2PACK,0,0,caja,0,0,TONEL,0,0,BLOQUE,0,0,OFERTA DE 3,0,0,Botella,0,0,MANGAS,0,0,CIENTO,0,0,DOCENA,0,0,Blister de 10 pastillas,0,0,KILO,0,0,MEDIA DOCENA,0,0,LIBRA,0,0,MEDIO KITAL,0,0,ROLLO,0,0,CARTON,0,0,paquete,0,0,ARROBA,0,0,CUBETAZO DE 6 CERVEZAS,0,0,0,1,2026/07/28 13:01,2026/07/28 13:01,0,NO,NO,SI,SI,0,0,0,0,0,0,0,0,0,0,0,.,0
51,51,4,34,0,0,10,0,10.25,10.25,0,0,0,0,0,0,0,0,0,0,UNIDAD,1,10.25,2PACK,0,0,caja,0,0,TONEL,0,0,BLOQUE,0,0,OFERTA DE 3,0,0,Botella,0,0,MANGAS,0,0,CIENTO,0,0,DOCENA,0,0,Blister de 10 pastillas,0,0,KILO,0,0,MEDIA DOCENA,0,0,LIBRA,0,0,MEDIO KITAL,0,0,ROLLO,0,0,CARTON,0,0,paquete,0,0,ARROBA,0,0,CUBETAZO DE 6 CERVEZAS,0,0,0,1,2026/07/28 13:01,2026/07/28 13:01,0,NO,NO,SI,SI,0,0,0,0,0,0,0,0,0,0,0,.,0
52,52,4,34,0,0,10,0,23,23,0,0,0,0,0,0,0,0,0,0,UNIDAD,1,23,2PACK,0,0,caja,0,0,TONEL,0,0,BLOQUE,0,0,OFERTA DE 3,0,0,Botella,0,0,MANGAS,0,0,CIENTO,0,0,DOCENA,0,0,Blister de 10 pastillas,0,0,KILO,0,0,MEDIA DOCENA,0,0,LIBRA,0,0,MEDIO KITAL,0,0,ROLLO,0,0,CARTON,0,0,paquete,0,0,ARROBA,0,0,CUBETAZO DE 6 CERVEZAS,0,0,0,1,2026/07/28 13:01,2026/07/28 13:01,0,NO,NO,SI,SI,0,0,0,0,0,0,0,0,0,0,0,.,0
53,53,4,34,0,0,10,0,0,0,0,0,0,0,0,0,0,0,0,0,UNIDAD,1,0,2PACK,0,0,caja,0,0,TONEL,0,0,BLOQUE,0,0,OFERTA DE 3,0,0,Botella,0,0,MANGAS,0,0,CIENTO,0,0,DOCENA,0,0,Blister de 10 pastillas,0,0,KILO,0,0,MEDIA DOCENA,0,0,LIBRA,0,0,MEDIO KITAL,0,0,ROLLO,0,0,CARTON,0,0,paquete,0,0,ARROBA,0,0,CUBETAZO DE 6 CERVEZAS,0,0,0,1,2026/07/28 13:01,2026/07/28 13:01,0,NO,NO,SI,SI,0,0,0,0,0,0,0,0,0,0,0,.,0
54,54,4,34,0,0,10,0,114,114,0,0,0,0,0,0,0,0,0,0,UNIDAD,1,114,2PACK,0,0,caja,0,0,TONEL,0,0,BLOQUE,0,0,OFERTA DE 3,0,0,Botella,0,0,MANGAS,0,0,CIENTO,0,0,DOCENA,0,0,Blister de 10 pastillas,0,0,KILO,0,0,MEDIA DOCENA,0,0,LIBRA,0,0,MEDIO KITAL,0,0,ROLLO,0,0,CARTON,0,0,paquete,0,0,ARROBA,0,0,CUBETAZO DE 6 CERVEZAS,0,0,0,1,2026/07/28 13:01,2026/07/28 13:01,0,NO,NO,SI,SI,0,0,0,0,0,0,0,0,0,0,0,.,0
55,55,4,34,0,0,10,0,145,145,0,0,0,0,0,0,0,0,0,0,UNIDAD,1,145,2PACK,0,0,caja,0,0,TONEL,0,0,BLOQUE,0,0,OFERTA DE 3,0,0,Botella,0,0,MANGAS,0,0,CIENTO,0,0,DOCENA,0,0,Blister de 10 pastillas,0,0,KILO,0,0,MEDIA DOCENA,0,0,LIBRA,0,0,MEDIO KITAL,0,0,ROLLO,0,0,CARTON,0,0,paquete,0,0,ARROBA,0,0,CUBETAZO DE 6 CERVEZAS,0,0,0,1,2026/07/28 13:01,2026/07/28 13:01,0,NO,NO,SI,SI,0,0,0,0,0,0,0,0,0,0,0,.,0
56,56,4,34,0,0,10,0,20.72,20.72,0,0,0,0,0,0,0,0,0,0,UNIDAD,1,20.72,2PACK,0,0,caja,0,0,TONEL,0,0,BLOQUE,0,0,OFERTA DE 3,0,0,Botella,0,0,MANGAS,0,0,CIENTO,0,0,DOCENA,0,0,Blister de 10 pastillas,0,0,KILO,0,0,MEDIA DOCENA,0,0,LIBRA,0,0,MEDIO KITAL,0,0,ROLLO,0,0,CARTON,0,0,paquete,0,0,ARROBA,0,0,CUBETAZO DE 6 CERVEZAS,0,0,0,1,2026/07/28 13:01,2026/07/28 13:01,0,NO,NO,SI,SI,0,0,0,0,0,0,0,0,0,0,0,.,0
57,57,4,34,0,0,10,0,64.11,64.11,0,0,0,0,0,0,0,0,0,0,UNIDAD,1,64.11,2PACK,0,0,caja,0,0,TONEL,0,0,BLOQUE,0,0,OFERTA DE 3,0,0,Botella,0,0,MANGAS,0,0,CIENTO,0,0,DOCENA,0,0,Blister de 10 pastillas,0,0,KILO,0,0,MEDIA DOCENA,0,0,LIBRA,0,0,MEDIO KITAL,0,0,ROLLO,0,0,CARTON,0,0,paquete,0,0,ARROBA,0,0,CUBETAZO DE 6 CERVEZAS,0,0,0,1,2026/07/28 13:01,2026/07/28 13:01,0,NO,NO,SI,SI,0,0,0,0,0,0,0,0,0,0,0,.,0
58,58,4,34,0,0,10,0,22.1,22.1,0,0,0,0,0,0,0,0,0,0,UNIDAD,1,22.1,2PACK,0,0,caja,0,0,TONEL,0,0,BLOQUE,0,0,OFERTA DE 3,0,0,Botella,0,0,MANGAS,0,0,CIENTO,0,0,DOCENA,0,0,Blister de 10 pastillas,0,0,KILO,0,0,MEDIA DOCENA,0,0,LIBRA,0,0,MEDIO KITAL,0,0,ROLLO,0,0,CARTON,0,0,paquete,0,0,ARROBA,0,0,CUBETAZO DE 6 CERVEZAS,0,0,0,1,2026/07/28 13:01,2026/07/28 13:01,0,NO,NO,SI,SI,0,0,0,0,0,0,0,0,0,0,0,.,0
59,59,4,34,0,0,10,0,28.26,28.26,0,0,0,0,0,0,0,0,0,0,UNIDAD,1,28.26,2PACK,0,0,caja,0,0,TONEL,0,0,BLOQUE,0,0,OFERTA DE 3,0,0,Botella,0,0,MANGAS,0,0,CIENTO,0,0,DOCENA,0,0,Blister de 10 pastillas,0,0,KILO,0,0,MEDIA DOCENA,0,0,LIBRA,0,0,MEDIO KITAL,0,0,ROLLO,0,0,CARTON,0,0,paquete,0,0,ARROBA,0,0,CUBETAZO DE 6 CERVEZAS,0,0,0,1,2026/07/28 13:01,2026/07/28 13:01,0,NO,NO,SI,SI,0,0,0,0,0,0,0,0,0,0,0,.,0
60,60,4,34,0,0,10,0,0,0,0,0,0,0,0,0,0,0,0,0,UNIDAD,1,0,2PACK,0,0,caja,0,0,TONEL,0,0,BLOQUE,0,0,OFERTA DE 3,0,0,Botella,0,0,MANGAS,0,0,CIENTO,0,0,DOCENA,0,0,Blister de 10 pastillas,0,0,KILO,0,0,MEDIA DOCENA,0,0,LIBRA,0,0,MEDIO KITAL,0,0,ROLLO,0,0,CARTON,0,0,paquete,0,0,ARROBA,0,0,CUBETAZO DE 6 CERVEZAS,0,0,0,1,2026/07/28 13:01,2026/07/28 13:01,0,NO,NO,SI,SI,0,0,0,0,0,0,0,0,0,0,0,.,0
61,61,4,34,0,0,10,0,0,0,0,0,0,0,0,0,0,0,0,0,UNIDAD,1,0,2PACK,0,0,caja,0,0,TONEL,0,0,BLOQUE,0,0,OFERTA DE 3,0,0,Botella,0,0,MANGAS,0,0,CIENTO,0,0,DOCENA,0,0,Blister de 10 pastillas,0,0,KILO,0,0,MEDIA DOCENA,0,0,LIBRA,0,0,MEDIO KITAL,0,0,ROLLO,0,0,CARTON,0,0,paquete,0,0,ARROBA,0,0,CUBETAZO DE 6 CERVEZAS,0,0,0,1,2026/07/28 13:01,2026/07/28 13:01,0,NO,NO,SI,SI,0,0,0,0,0,0,0,0,0,0,0,.,0
62,62,4,34,0,0,10,0,0,0,0,0,0,0,0,0,0,0,0,0,UNIDAD,1,0,2PACK,0,0,caja,0,0,TONEL,0,0,BLOQUE,0,0,OFERTA DE 3,0,0,Botella,0,0,MANGAS,0,0,CIENTO,0,0,DOCENA,0,0,Blister de 10 pastillas,0,0,KILO,0,0,MEDIA DOCENA,0,0,LIBRA,0,0,MEDIO KITAL,0,0,ROLLO,0,0,CARTON,0,0,paquete,0,0,ARROBA,0,0,CUBETAZO DE 6 CERVEZAS,0,0,0,1,2026/07/28 13:01,2026/07/28 13:01,0,NO,NO,SI,SI,0,0,0,0,0,0,0,0,0,0,0,.,0
63,63,4,34,0,0,10,0,0,0,0,0,0,0,0,0,0,0,0,0,UNIDAD,1,0,2PACK,0,0,caja,0,0,TONEL,0,0,BLOQUE,0,0,OFERTA DE 3,0,0,Botella,0,0,MANGAS,0,0,CIENTO,0,0,DOCENA,0,0,Blister de 10 pastillas,0,0,KILO,0,0,MEDIA DOCENA,0,0,LIBRA,0,0,MEDIO KITAL,0,0,ROLLO,0,0,CARTON,0,0,paquete,0,0,ARROBA,0,0,CUBETAZO DE 6 CERVEZAS,0,0,0,1,2026/07/28 13:01,2026/07/28 13:01,0,NO,NO,SI,SI,0,0,0,0,0,0,0,0,0,0,0,.,0
64,64,4,34,0,0,10,0,30.25,30.25,0,0,0,0,0,0,0,0,0,0,UNIDAD,1,30.25,2PACK,0,0,caja,0,0,TONEL,0,0,BLOQUE,0,0,OFERTA DE 3,0,0,Botella,0,0,MANGAS,0,0,CIENTO,0,0,DOCENA,0,0,Blister de 10 pastillas,0,0,KILO,0,0,MEDIA DOCENA,0,0,LIBRA,0,0,MEDIO KITAL,0,0,ROLLO,0,0,CARTON,0,0,paquete,0,0,ARROBA,0,0,CUBETAZO DE 6 CERVEZAS,0,0,0,1,2026/07/28 13:01,2026/07/28 13:01,0,NO,NO,SI,SI,0,0,0,0,0,0,0,0,0,0,0,.,0
65,65,4,34,0,0,10,0,0,0,0,0,0,0,0,0,0,0,0,0,UNIDAD,1,0,2PACK,0,0,caja,0,0,TONEL,0,0,BLOQUE,0,0,OFERTA DE 3,0,0,Botella,0,0,MANGAS,0,0,CIENTO,0,0,DOCENA,0,0,Blister de 10 pastillas,0,0,KILO,0,0,MEDIA DOCENA,0,0,LIBRA,0,0,MEDIO KITAL,0,0,ROLLO,0,0,CARTON,0,0,paquete,0,0,ARROBA,0,0,CUBETAZO DE 6 CERVEZAS,0,0,0,1,2026/07/28 13:01,2026/07/28 13:01,0,NO,NO,SI,SI,0,0,0,0,0,0,0,0,0,0,0,.,0
66,66,4,34,0,0,10,0,30.25,30.25,0,0,0,0,0,0,0,0,0,0,UNIDAD,1,30.25,2PACK,0,0,caja,0,0,TONEL,0,0,BLOQUE,0,0,OFERTA DE 3,0,0,Botella,0,0,MANGAS,0,0,CIENTO,0,0,DOCENA,0,0,Blister de 10 pastillas,0,0,KILO,0,0,MEDIA DOCENA,0,0,LIBRA,0,0,MEDIO KITAL,0,0,ROLLO,0,0,CARTON,0,0,paquete,0,0,ARROBA,0,0,CUBETAZO DE 6 CERVEZAS,0,0,0,1,2026/07/28 13:01,2026/07/28 13:01,0,NO,NO,SI,SI,0,0,0,0,0,0,0,0,0,0,0,.,0
67,67,4,34,0,0,10,0,9.52,9.52,0,0,0,0,0,0,0,0,0,0,UNIDAD,1,9.52,2PACK,0,0,caja,0,0,TONEL,0,0,BLOQUE,0,0,OFERTA DE 3,0,0,Botella,0,0,MANGAS,0,0,CIENTO,0,0,DOCENA,0,0,Blister de 10 pastillas,0,0,KILO,0,0,MEDIA DOCENA,0,0,LIBRA,0,0,MEDIO KITAL,0,0,ROLLO,0,0,CARTON,0,0,paquete,0,0,ARROBA,0,0,CUBETAZO DE 6 CERVEZAS,0,0,0,1,2026/07/28 13:01,2026/07/28 13:01,0,NO,NO,SI,SI,0,0,0,0,0,0,0,0,0,0,0,.,0
68,68,4,34,0,0,10,0,0,0,0,0,0,0,0,0,0,0,0,0,UNIDAD,1,0,2PACK,0,0,caja,0,0,TONEL,0,0,BLOQUE,0,0,OFERTA DE 3,0,0,Botella,0,0,MANGAS,0,0,CIENTO,0,0,DOCENA,0,0,Blister de 10 pastillas,0,0,KILO,0,0,MEDIA DOCENA,0,0,LIBRA,0,0,MEDIO KITAL,0,0,ROLLO,0,0,CARTON,0,0,paquete,0,0,ARROBA,0,0,CUBETAZO DE 6 CERVEZAS,0,0,0,1,2026/07/28 13:01,2026/07/28 13:01,0,NO,NO,SI,SI,0,0,0,0,0,0,0,0,0,0,0,.,0
69,69,4,34,0,0,10,0,70,70,0,0,0,0,0,0,0,0,0,0,UNIDAD,1,70,2PACK,0,0,caja,0,0,TONEL,0,0,BLOQUE,0,0,OFERTA DE 3,0,0,Botella,0,0,MANGAS,0,0,CIENTO,0,0,DOCENA,0,0,Blister de 10 pastillas,0,0,KILO,0,0,MEDIA DOCENA,0,0,LIBRA,0,0,MEDIO KITAL,0,0,ROLLO,0,0,CARTON,0,0,paquete,0,0,ARROBA,0,0,CUBETAZO DE 6 CERVEZAS,0,0,0,1,2026/07/28 13:01,2026/07/28 13:01,0,NO,NO,SI,SI,0,0,0,0,0,0,0,0,0,0,0,.,0
70,70,4,34,0,0,10,0,16.5,16.5,0,0,0,0,0,0,0,0,0,0,UNIDAD,1,16.5,2PACK,0,0,caja,0,0,TONEL,0,0,BLOQUE,0,0,OFERTA DE 3,0,0,Botella,0,0,MANGAS,0,0,CIENTO,0,0,DOCENA,0,0,Blister de 10 pastillas,0,0,KILO,0,0,MEDIA DOCENA,0,0,LIBRA,0,0,MEDIO KITAL,0,0,ROLLO,0,0,CARTON,0,0,paquete,0,0,ARROBA,0,0,CUBETAZO DE 6 CERVEZAS,0,0,0,1,2026/07/28 13:01,2026/07/28 13:01,0,NO,NO,SI,SI,0,0,0,0,0,0,0,0,0,0,0,.,0
71,71,4,34,0,0,10,0,0,0,0,0,0,0,0,0,0,0,0,0,UNIDAD,1,0,2PACK,0,0,caja,0,0,TONEL,0,0,BLOQUE,0,0,OFERTA DE 3,0,0,Botella,0,0,MANGAS,0,0,CIENTO,0,0,DOCENA,0,0,Blister de 10 pastillas,0,0,KILO,0,0,MEDIA DOCENA,0,0,LIBRA,0,0,MEDIO KITAL,0,0,ROLLO,0,0,CARTON,0,0,paquete,0,0,ARROBA,0,0,CUBETAZO DE 6 CERVEZAS,0,0,0,1,2026/07/28 13:01,2026/07/28 13:01,0,NO,NO,SI,SI,0,0,0,0,0,0,0,0,0,0,0,.,0
72,72,4,34,0,0,10,0,27.5,27.5,0,0,0,0,0,0,0,0,0,0,UNIDAD,1,27.5,2PACK,0,0,caja,0,0,TONEL,0,0,BLOQUE,0,0,OFERTA DE 3,0,0,Botella,0,0,MANGAS,0,0,CIENTO,0,0,DOCENA,0,0,Blister de 10 pastillas,0,0,KILO,0,0,MEDIA DOCENA,0,0,LIBRA,0,0,MEDIO KITAL,0,0,ROLLO,0,0,CARTON,0,0,paquete,0,0,ARROBA,0,0,CUBETAZO DE 6 CERVEZAS,0,0,0,1,2026/07/28 13:01,2026/07/28 13:01,0,NO,NO,SI,SI,0,0,0,0,0,0,0,0,0,0,0,.,0
73,73,4,34,0,0,10,0,15,15,0,0,0,0,0,0,0,0,0,0,UNIDAD,1,15,2PACK,0,0,caja,0,0,TONEL,0,0,BLOQUE,0,0,OFERTA DE 3,0,0,Botella,0,0,MANGAS,0,0,CIENTO,0,0,DOCENA,0,0,Blister de 10 pastillas,0,0,KILO,0,0,MEDIA DOCENA,0,0,LIBRA,0,0,MEDIO KITAL,0,0,ROLLO,0,0,CARTON,0,0,paquete,0,0,ARROBA,0,0,CUBETAZO DE 6 CERVEZAS,0,0,0,1,2026/07/28 13:01,2026/07/28 13:01,0,NO,NO,SI,SI,0,0,0,0,0,0,0,0,0,0,0,.,0
74,74,4,34,0,0,10,0,0,0,0,0,0,0,0,0,0,0,0,0,UNIDAD,1,0,2PACK,0,0,caja,0,0,TONEL,0,0,BLOQUE,0,0,OFERTA DE 3,0,0,Botella,0,0,MANGAS,0,0,CIENTO,0,0,DOCENA,0,0,Blister de 10 pastillas,0,0,KILO,0,0,MEDIA DOCENA,0,0,LIBRA,0,0,MEDIO KITAL,0,0,ROLLO,0,0,CARTON,0,0,paquete,0,0,ARROBA,0,0,CUBETAZO DE 6 CERVEZAS,0,0,0,1,2026/07/28 13:01,2026/07/28 13:01,0,NO,NO,SI,SI,0,0,0,0,0,0,0,0,0,0,0,.,0
75,75,4,34,0,0,10,0,67.61,67.61,0,0,0,0,0,0,0,0,0,0,UNIDAD,1,67.61,2PACK,0,0,caja,0,0,TONEL,0,0,BLOQUE,0,0,OFERTA DE 3,0,0,Botella,0,0,MANGAS,0,0,CIENTO,0,0,DOCENA,0,0,Blister de 10 pastillas,0,0,KILO,0,0,MEDIA DOCENA,0,0,LIBRA,0,0,MEDIO KITAL,0,0,ROLLO,0,0,CARTON,0,0,paquete,0,0,ARROBA,0,0,CUBETAZO DE 6 CERVEZAS,0,0,0,1,2026/07/28 13:01,2026/07/28 13:01,0,NO,NO,SI,SI,0,0,0,0,0,0,0,0,0,0,0,.,0
76,76,4,34,0,0,10,0,26.64,26.64,0,0,0,0,0,0,0,0,0,0,UNIDAD,1,26.64,2PACK,0,0,caja,0,0,TONEL,0,0,BLOQUE,0,0,OFERTA DE 3,0,0,Botella,0,0,MANGAS,0,0,CIENTO,0,0,DOCENA,0,0,Blister de 10 pastillas,0,0,KILO,0,0,MEDIA DOCENA,0,0,LIBRA,0,0,MEDIO KITAL,0,0,ROLLO,0,0,CARTON,0,0,paquete,0,0,ARROBA,0,0,CUBETAZO DE 6 CERVEZAS,0,0,0,1,2026/07/28 13:01,2026/07/28 13:01,0,NO,NO,SI,SI,0,0,0,0,0,0,0,0,0,0,0,.,0
77,77,4,34,0,0,10,0,12.88,12.88,0,0,0,0,0,0,0,0,0,0,UNIDAD,1,12.88,2PACK,0,0,caja,0,0,TONEL,0,0,BLOQUE,0,0,OFERTA DE 3,0,0,Botella,0,0,MANGAS,0,0,CIENTO,0,0,DOCENA,0,0,Blister de 10 pastillas,0,0,KILO,0,0,MEDIA DOCENA,0,0,LIBRA,0,0,MEDIO KITAL,0,0,ROLLO,0,0,CARTON,0,0,paquete,0,0,ARROBA,0,0,CUBETAZO DE 6 CERVEZAS,0,0,0,1,2026/07/28 13:01,2026/07/28 13:01,0,NO,NO,SI,SI,0,0,0,0,0,0,0,0,0,0,0,.,0
78,78,4,34,0,0,10,0,22,22,0,0,0,0,0,0,0,0,0,0,UNIDAD,1,22,2PACK,0,0,caja,0,0,TONEL,0,0,BLOQUE,0,0,OFERTA DE 3,0,0,Botella,0,0,MANGAS,0,0,CIENTO,0,0,DOCENA,0,0,Blister de 10 pastillas,0,0,KILO,0,0,MEDIA DOCENA,0,0,LIBRA,0,0,MEDIO KITAL,0,0,ROLLO,0,0,CARTON,0,0,paquete,0,0,ARROBA,0,0,CUBETAZO DE 6 CERVEZAS,0,0,0,1,2026/07/28 13:01,2026/07/28 13:01,0,NO,NO,SI,SI,0,0,0,0,0,0,0,0,0,0,0,.,0
79,79,4,34,0,0,10,0,11.85,11.85,0,0,0,0,0,0,0,0,0,0,UNIDAD,1,11.85,2PACK,0,0,caja,0,0,TONEL,0,0,BLOQUE,0,0,OFERTA DE 3,0,0,Botella,0,0,MANGAS,0,0,CIENTO,0,0,DOCENA,0,0,Blister de 10 pastillas,0,0,KILO,0,0,MEDIA DOCENA,0,0,LIBRA,0,0,MEDIO KITAL,0,0,ROLLO,0,0,CARTON,0,0,paquete,0,0,ARROBA,0,0,CUBETAZO DE 6 CERVEZAS,0,0,0,1,2026/07/28 13:01,2026/07/28 13:01,0,NO,NO,SI,SI,0,0,0,0,0,0,0,0,0,0,0,.,0
80,80,4,34,0,0,10,0,14.85,14.85,0,0,0,0,0,0,0,0,0,0,UNIDAD,1,14.85,2PACK,0,0,caja,0,0,TONEL,0,0,BLOQUE,0,0,OFERTA DE 3,0,0,Botella,0,0,MANGAS,0,0,CIENTO,0,0,DOCENA,0,0,Blister de 10 pastillas,0,0,KILO,0,0,MEDIA DOCENA,0,0,LIBRA,0,0,MEDIO KITAL,0,0,ROLLO,0,0,CARTON,0,0,paquete,0,0,ARROBA,0,0,CUBETAZO DE 6 CERVEZAS,0,0,0,1,2026/07/28 13:01,2026/07/28 13:01,0,NO,NO,SI,SI,0,0,0,0,0,0,0,0,0,0,0,.,0
81,81,4,34,0,0,10,0,0,0,0,0,0,0,0,0,0,0,0,0,UNIDAD,1,0,2PACK,0,0,caja,0,0,TONEL,0,0,BLOQUE,0,0,OFERTA DE 3,0,0,Botella,0,0,MANGAS,0,0,CIENTO,0,0,DOCENA,0,0,Blister de 10 pastillas,0,0,KILO,0,0,MEDIA DOCENA,0,0,LIBRA,0,0,MEDIO KITAL,0,0,ROLLO,0,0,CARTON,0,0,paquete,0,0,ARROBA,0,0,CUBETAZO DE 6 CERVEZAS,0,0,0,1,2026/07/28 13:01,2026/07/28 13:01,0,NO,NO,SI,SI,0,0,0,0,0,0,0,0,0,0,0,.,0
82,82,4,34,0,0,10,0,0,0,0,0,0,0,0,0,0,0,0,0,UNIDAD,1,0,2PACK,0,0,caja,0,0,TONEL,0,0,BLOQUE,0,0,OFERTA DE 3,0,0,Botella,0,0,MANGAS,0,0,CIENTO,0,0,DOCENA,0,0,Blister de 10 pastillas,0,0,KILO,0,0,MEDIA DOCENA,0,0,LIBRA,0,0,MEDIO KITAL,0,0,ROLLO,0,0,CARTON,0,0,paquete,0,0,ARROBA,0,0,CUBETAZO DE 6 CERVEZAS,0,0,0,1,2026/07/28 13:01,2026/07/28 13:01,0,NO,NO,SI,SI,0,0,0,0,0,0,0,0,0,0,0,.,0
83,83,4,34,0,0,10,0,11.95,11.95,0,0,0,0,0,0,0,0,0,0,UNIDAD,1,11.95,2PACK,0,0,caja,0,0,TONEL,0,0,BLOQUE,0,0,OFERTA DE 3,0,0,Botella,0,0,MANGAS,0,0,CIENTO,0,0,DOCENA,0,0,Blister de 10 pastillas,0,0,KILO,0,0,MEDIA DOCENA,0,0,LIBRA,0,0,MEDIO KITAL,0,0,ROLLO,0,0,CARTON,0,0,paquete,0,0,ARROBA,0,0,CUBETAZO DE 6 CERVEZAS,0,0,0,1,2026/07/28 13:01,2026/07/28 13:01,0,NO,NO,SI,SI,0,0,0,0,0,0,0,0,0,0,0,.,0
84,84,4,34,0,0,10,0,14.75,14.75,0,0,0,0,0,0,0,0,0,0,UNIDAD,1,14.75,2PACK,0,0,caja,0,0,TONEL,0,0,BLOQUE,0,0,OFERTA DE 3,0,0,Botella,0,0,MANGAS,0,0,CIENTO,0,0,DOCENA,0,0,Blister de 10 pastillas,0,0,KILO,0,0,MEDIA DOCENA,0,0,LIBRA,0,0,MEDIO KITAL,0,0,ROLLO,0,0,CARTON,0,0,paquete,0,0,ARROBA,0,0,CUBETAZO DE 6 CERVEZAS,0,0,0,1,2026/07/28 13:01,2026/07/28 13:01,0,NO,NO,SI,SI,0,0,0,0,0,0,0,0,0,0,0,.,0
85,85,4,34,0,0,10,0,0,0,0,0,0,0,0,0,0,0,0,0,UNIDAD,1,0,2PACK,0,0,caja,0,0,TONEL,0,0,BLOQUE,0,0,OFERTA DE 3,0,0,Botella,0,0,MANGAS,0,0,CIENTO,0,0,DOCENA,0,0,Blister de 10 pastillas,0,0,KILO,0,0,MEDIA DOCENA,0,0,LIBRA,0,0,MEDIO KITAL,0,0,ROLLO,0,0,CARTON,0,0,paquete,0,0,ARROBA,0,0,CUBETAZO DE 6 CERVEZAS,0,0,0,1,2026/07/28 13:01,2026/07/28 13:01,0,NO,NO,SI,SI,0,0,0,0,0,0,0,0,0,0,0,.,0
86,86,4,34,0,0,10,0,10.64,10.64,0,0,0,0,0,0,0,0,0,0,UNIDAD,1,10.64,2PACK,0,0,caja,0,0,TONEL,0,0,BLOQUE,0,0,OFERTA DE 3,0,0,Botella,0,0,MANGAS,0,0,CIENTO,0,0,DOCENA,0,0,Blister de 10 pastillas,0,0,KILO,0,0,MEDIA DOCENA,0,0,LIBRA,0,0,MEDIO KITAL,0,0,ROLLO,0,0,CARTON,0,0,paquete,0,0,ARROBA,0,0,CUBETAZO DE 6 CERVEZAS,0,0,0,1,2026/07/28 13:01,2026/07/28 13:01,0,NO,NO,SI,SI,0,0,0,0,0,0,0,0,0,0,0,.,0
87,87,4,34,0,0,10,0,15.35,15.35,0,0,0,0,0,0,0,0,0,0,UNIDAD,1,15.35,2PACK,0,0,caja,0,0,TONEL,0,0,BLOQUE,0,0,OFERTA DE 3,0,0,Botella,0,0,MANGAS,0,0,CIENTO,0,0,DOCENA,0,0,Blister de 10 pastillas,0,0,KILO,0,0,MEDIA DOCENA,0,0,LIBRA,0,0,MEDIO KITAL,0,0,ROLLO,0,0,CARTON,0,0,paquete,0,0,ARROBA,0,0,CUBETAZO DE 6 CERVEZAS,0,0,0,1,2026/07/28 13:01,2026/07/28 13:01,0,NO,NO,SI,SI,0,0,0,0,0,0,0,0,0,0,0,.,0
88,88,4,34,0,0,10,0,14.75,14.75,0,0,0,0,0,0,0,0,0,0,UNIDAD,1,14.75,2PACK,0,0,caja,0,0,TONEL,0,0,BLOQUE,0,0,OFERTA DE 3,0,0,Botella,0,0,MANGAS,0,0,CIENTO,0,0,DOCENA,0,0,Blister de 10 pastillas,0,0,KILO,0,0,MEDIA DOCENA,0,0,LIBRA,0,0,MEDIO KITAL,0,0,ROLLO,0,0,CARTON,0,0,paquete,0,0,ARROBA,0,0,CUBETAZO DE 6 CERVEZAS,0,0,0,1,2026/07/28 13:01,2026/07/28 13:01,0,NO,NO,SI,SI,0,0,0,0,0,0,0,0,0,0,0,.,0
89,89,4,34,0,0,10,0,16.2,16.2,0,0,0,0,0,0,0,0,0,0,UNIDAD,1,16.2,2PACK,0,0,caja,0,0,TONEL,0,0,BLOQUE,0,0,OFERTA DE 3,0,0,Botella,0,0,MANGAS,0,0,CIENTO,0,0,DOCENA,0,0,Blister de 10 pastillas,0,0,KILO,0,0,MEDIA DOCENA,0,0,LIBRA,0,0,MEDIO KITAL,0,0,ROLLO,0,0,CARTON,0,0,paquete,0,0,ARROBA,0,0,CUBETAZO DE 6 CERVEZAS,0,0,0,1,2026/07/28 13:01,2026/07/28 13:01,0,NO,NO,SI,SI,0,0,0,0,0,0,0,0,0,0,0,.,0
90,90,4,34,0,0,10,0,8.6,8.6,0,0,0,0,0,0,0,0,0,0,UNIDAD,1,8.6,2PACK,0,0,caja,0,0,TONEL,0,0,BLOQUE,0,0,OFERTA DE 3,0,0,Botella,0,0,MANGAS,0,0,CIENTO,0,0,DOCENA,0,0,Blister de 10 pastillas,0,0,KILO,0,0,MEDIA DOCENA,0,0,LIBRA,0,0,MEDIO KITAL,0,0,ROLLO,0,0,CARTON,0,0,paquete,0,0,ARROBA,0,0,CUBETAZO DE 6 CERVEZAS,0,0,0,1,2026/07/28 13:01,2026/07/28 13:01,0,NO,NO,SI,SI,0,0,0,0,0,0,0,0,0,0,0,.,0
91,91,4,34,0,0,10,0,0,0,0,0,0,0,0,0,0,0,0,0,UNIDAD,1,0,2PACK,0,0,caja,0,0,TONEL,0,0,BLOQUE,0,0,OFERTA DE 3,0,0,Botella,0,0,MANGAS,0,0,CIENTO,0,0,DOCENA,0,0,Blister de 10 pastillas,0,0,KILO,0,0,MEDIA DOCENA,0,0,LIBRA,0,0,MEDIO KITAL,0,0,ROLLO,0,0,CARTON,0,0,paquete,0,0,ARROBA,0,0,CUBETAZO DE 6 CERVEZAS,0,0,0,1,2026/07/28 13:01,2026/07/28 13:01,0,NO,NO,SI,SI,0,0,0,0,0,0,0,0,0,0,0,.,0
92,92,4,34,0,0,10,0,11.25,11.25,0,0,0,0,0,0,0,0,0,0,UNIDAD,1,11.25,2PACK,0,0,caja,0,0,TONEL,0,0,BLOQUE,0,0,OFERTA DE 3,0,0,Botella,0,0,MANGAS,0,0,CIENTO,0,0,DOCENA,0,0,Blister de 10 pastillas,0,0,KILO,0,0,MEDIA DOCENA,0,0,LIBRA,0,0,MEDIO KITAL,0,0,ROLLO,0,0,CARTON,0,0,paquete,0,0,ARROBA,0,0,CUBETAZO DE 6 CERVEZAS,0,0,0,1,2026/07/28 13:01,2026/07/28 13:01,0,NO,NO,SI,SI,0,0,0,0,0,0,0,0,0,0,0,.,0
93,93,4,34,0,0,10,0,11.3,11.3,0,0,0,0,0,0,0,0,0,0,UNIDAD,1,11.3,2PACK,0,0,caja,0,0,TONEL,0,0,BLOQUE,0,0,OFERTA DE 3,0,0,Botella,0,0,MANGAS,0,0,CIENTO,0,0,DOCENA,0,0,Blister de 10 pastillas,0,0,KILO,0,0,MEDIA DOCENA,0,0,LIBRA,0,0,MEDIO KITAL,0,0,ROLLO,0,0,CARTON,0,0,paquete,0,0,ARROBA,0,0,CUBETAZO DE 6 CERVEZAS,0,0,0,1,2026/07/28 13:01,2026/07/28 13:01,0,NO,NO,SI,SI,0,0,0,0,0,0,0,0,0,0,0,.,0
94,94,4,34,0,0,10,0,12.45,12.45,0,0,0,0,0,0,0,0,0,0,UNIDAD,1,12.45,2PACK,0,0,caja,0,0,TONEL,0,0,BLOQUE,0,0,OFERTA DE 3,0,0,Botella,0,0,MANGAS,0,0,CIENTO,0,0,DOCENA,0,0,Blister de 10 pastillas,0,0,KILO,0,0,MEDIA DOCENA,0,0,LIBRA,0,0,MEDIO KITAL,0,0,ROLLO,0,0,CARTON,0,0,paquete,0,0,ARROBA,0,0,CUBETAZO DE 6 CERVEZAS,0,0,0,1,2026/07/28 13:01,2026/07/28 13:01,0,NO,NO,SI,SI,0,0,0,0,0,0,0,0,0,0,0,.,0
95,95,4,34,0,0,10,0,0,0,0,0,0,0,0,0,0,0,0,0,UNIDAD,1,0,2PACK,0,0,caja,0,0,TONEL,0,0,BLOQUE,0,0,OFERTA DE 3,0,0,Botella,0,0,MANGAS,0,0,CIENTO,0,0,DOCENA,0,0,Blister de 10 pastillas,0,0,KILO,0,0,MEDIA DOCENA,0,0,LIBRA,0,0,MEDIO KITAL,0,0,ROLLO,0,0,CARTON,0,0,paquete,0,0,ARROBA,0,0,CUBETAZO DE 6 CERVEZAS,0,0,0,1,2026/07/28 13:01,2026/07/28 13:01,0,NO,NO,SI,SI,0,0,0,0,0,0,0,0,0,0,0,.,0
96,96,4,34,0,0,10,0,12.1,12.1,0,0,0,0,0,0,0,0,0,0,UNIDAD,1,12.1,2PACK,0,0,caja,0,0,TONEL,0,0,BLOQUE,0,0,OFERTA DE 3,0,0,Botella,0,0,MANGAS,0,0,CIENTO,0,0,DOCENA,0,0,Blister de 10 pastillas,0,0,KILO,0,0,MEDIA DOCENA,0,0,LIBRA,0,0,MEDIO KITAL,0,0,ROLLO,0,0,CARTON,0,0,paquete,0,0,ARROBA,0,0,CUBETAZO DE 6 CERVEZAS,0,0,0,1,2026/07/28 13:01,2026/07/28 13:01,0,NO,NO,SI,SI,0,0,0,0,0,0,0,0,0,0,0,.,0
97,97,4,34,0,0,10,0,0,0,0,0,0,0,0,0,0,0,0,0,UNIDAD,1,0,2PACK,0,0,caja,0,0,TONEL,0,0,BLOQUE,0,0,OFERTA DE 3,0,0,Botella,0,0,MANGAS,0,0,CIENTO,0,0,DOCENA,0,0,Blister de 10 pastillas,0,0,KILO,0,0,MEDIA DOCENA,0,0,LIBRA,0,0,MEDIO KITAL,0,0,ROLLO,0,0,CARTON,0,0,paquete,0,0,ARROBA,0,0,CUBETAZO DE 6 CERVEZAS,0,0,0,1,2026/07/28 13:01,2026/07/28 13:01,0,NO,NO,SI,SI,0,0,0,0,0,0,0,0,0,0,0,.,0
98,98,4,34,0,0,10,0,8.52,8.52,0,0,0,0,0,0,0,0,0,0,UNIDAD,1,8.52,2PACK,0,0,caja,0,0,TONEL,0,0,BLOQUE,0,0,OFERTA DE 3,0,0,Botella,0,0,MANGAS,0,0,CIENTO,0,0,DOCENA,0,0,Blister de 10 pastillas,0,0,KILO,0,0,MEDIA DOCENA,0,0,LIBRA,0,0,MEDIO KITAL,0,0,ROLLO,0,0,CARTON,0,0,paquete,0,0,ARROBA,0,0,CUBETAZO DE 6 CERVEZAS,0,0,0,1,2026/07/28 13:01,2026/07/28 13:01,0,NO,NO,SI,SI,0,0,0,0,0,0,0,0,0,0,0,.,0
99,99,4,34,0,0,10,0,3.18,3.18,0,0,0,0,0,0,0,0,0,0,UNIDAD,1,3.18,2PACK,0,0,caja,0,0,TONEL,0,0,BLOQUE,0,0,OFERTA DE 3,0,0,Botella,0,0,MANGAS,0,0,CIENTO,0,0,DOCENA,0,0,Blister de 10 pastillas,0,0,KILO,0,0,MEDIA DOCENA,0,0,LIBRA,0,0,MEDIO KITAL,0,0,ROLLO,0,0,CARTON,0,0,paquete,0,0,ARROBA,0,0,CUBETAZO DE 6 CERVEZAS,0,0,0,1,2026/07/28 13:01,2026/07/28 13:01,0,NO,NO,SI,SI,0,0,0,0,0,0,0,0,0,0,0,.,0
100,100,4,34,0,0,10,0,33.45,33.45,0,0,0,0,0,0,0,0,0,0,UNIDAD,1,33.45,2PACK,0,0,caja,0,0,TONEL,0,0,BLOQUE,0,0,OFERTA DE 3,0,0,Botella,0,0,MANGAS,0,0,CIENTO,0,0,DOCENA,0,0,Blister de 10 pastillas,0,0,KILO,0,0,MEDIA DOCENA,0,0,LIBRA,0,0,MEDIO KITAL,0,0,ROLLO,0,0,CARTON,0,0,paquete,0,0,ARROBA,0,0,CUBETAZO DE 6 CERVEZAS,0,0,0,1,2026/07/28 13:01,2026/07/28 13:01,0,NO,NO,SI,SI,0,0,0,0,0,0,0,0,0,0,0,.,0
101,101,4,34,0,0,10,0,13.8,13.8,0,0,0,0,0,0,0,0,0,0,UNIDAD,1,13.8,2PACK,0,0,caja,0,0,TONEL,0,0,BLOQUE,0,0,OFERTA DE 3,0,0,Botella,0,0,MANGAS,0,0,CIENTO,0,0,DOCENA,0,0,Blister de 10 pastillas,0,0,KILO,0,0,MEDIA DOCENA,0,0,LIBRA,0,0,MEDIO KITAL,0,0,ROLLO,0,0,CARTON,0,0,paquete,0,0,ARROBA,0,0,CUBETAZO DE 6 CERVEZAS,0,0,0,1,2026/07/28 13:01,2026/07/28 13:01,0,NO,NO,SI,SI,0,0,0,0,0,0,0,0,0,0,0,.,0
102,102,4,34,0,0,10,0,119.12,119.12,0,0,0,0,0,0,0,0,0,0,UNIDAD,1,119.12,2PACK,0,0,caja,0,0,TONEL,0,0,BLOQUE,0,0,OFERTA DE 3,0,0,Botella,0,0,MANGAS,0,0,CIENTO,0,0,DOCENA,0,0,Blister de 10 pastillas,0,0,KILO,0,0,MEDIA DOCENA,0,0,LIBRA,0,0,MEDIO KITAL,0,0,ROLLO,0,0,CARTON,0,0,paquete,0,0,ARROBA,0,0,CUBETAZO DE 6 CERVEZAS,0,0,0,1,2026/07/28 13:01,2026/07/28 13:01,0,NO,NO,SI,SI,0,0,0,0,0,0,0,0,0,0,0,.,0
103,103,4,34,0,0,10,0,35.57,35.57,0,0,0,0,0,0,0,0,0,0,UNIDAD,1,35.57,2PACK,0,0,caja,0,0,TONEL,0,0,BLOQUE,0,0,OFERTA DE 3,0,0,Botella,0,0,MANGAS,0,0,CIENTO,0,0,DOCENA,0,0,Blister de 10 pastillas,0,0,KILO,0,0,MEDIA DOCENA,0,0,LIBRA,0,0,MEDIO KITAL,0,0,ROLLO,0,0,CARTON,0,0,paquete,0,0,ARROBA,0,0,CUBETAZO DE 6 CERVEZAS,0,0,0,1,2026/07/28 13:01,2026/07/28 13:01,0,NO,NO,SI,SI,0,0,0,0,0,0,0,0,0,0,0,.,0
104,104,4,34,0,0,10,0,0,0,0,0,0,0,0,0,0,0,0,0,UNIDAD,1,0,2PACK,0,0,caja,0,0,TONEL,0,0,BLOQUE,0,0,OFERTA DE 3,0,0,Botella,0,0,MANGAS,0,0,CIENTO,0,0,DOCENA,0,0,Blister de 10 pastillas,0,0,KILO,0,0,MEDIA DOCENA,0,0,LIBRA,0,0,MEDIO KITAL,0,0,ROLLO,0,0,CARTON,0,0,paquete,0,0,ARROBA,0,0,CUBETAZO DE 6 CERVEZAS,0,0,0,1,2026/07/28 13:01,2026/07/28 13:01,0,NO,NO,SI,SI,0,0,0,0,0,0,0,0,0,0,0,.,0
105,105,4,34,0,0,10,0,22.46,22.46,0,0,0,0,0,0,0,0,0,0,UNIDAD,1,22.46,2PACK,0,0,caja,0,0,TONEL,0,0,BLOQUE,0,0,OFERTA DE 3,0,0,Botella,0,0,MANGAS,0,0,CIENTO,0,0,DOCENA,0,0,Blister de 10 pastillas,0,0,KILO,0,0,MEDIA DOCENA,0,0,LIBRA,0,0,MEDIO KITAL,0,0,ROLLO,0,0,CARTON,0,0,paquete,0,0,ARROBA,0,0,CUBETAZO DE 6 CERVEZAS,0,0,0,1,2026/07/28 13:01,2026/07/28 13:01,0,NO,NO,SI,SI,0,0,0,0,0,0,0,0,0,0,0,.,0
106,106,4,34,0,0,10,0,11.18,11.18,0,0,0,0,0,0,0,0,0,0,UNIDAD,1,11.18,2PACK,0,0,caja,0,0,TONEL,0,0,BLOQUE,0,0,OFERTA DE 3,0,0,Botella,0,0,MANGAS,0,0,CIENTO,0,0,DOCENA,0,0,Blister de 10 pastillas,0,0,KILO,0,0,MEDIA DOCENA,0,0,LIBRA,0,0,MEDIO KITAL,0,0,ROLLO,0,0,CARTON,0,0,paquete,0,0,ARROBA,0,0,CUBETAZO DE 6 CERVEZAS,0,0,0,1,2026/07/28 13:01,2026/07/28 13:01,0,NO,NO,SI,SI,0,0,0,0,0,0,0,0,0,0,0,.,0
107,107,4,34,0,0,10,0,142.24,142.24,0,0,0,0,0,0,0,0,0,0,UNIDAD,1,142.24,2PACK,0,0,caja,0,0,TONEL,0,0,BLOQUE,0,0,OFERTA DE 3,0,0,Botella,0,0,MANGAS,0,0,CIENTO,0,0,DOCENA,0,0,Blister de 10 pastillas,0,0,KILO,0,0,MEDIA DOCENA,0,0,LIBRA,0,0,MEDIO KITAL,0,0,ROLLO,0,0,CARTON,0,0,paquete,0,0,ARROBA,0,0,CUBETAZO DE 6 CERVEZAS,0,0,0,1,2026/07/28 13:01,2026/07/28 13:01,0,NO,NO,SI,SI,0,0,0,0,0,0,0,0,0,0,0,.,0
108,108,4,34,0,0,10,0,41.69,41.69,0,0,0,0,0,0,0,0,0,0,UNIDAD,1,41.69,2PACK,0,0,caja,0,0,TONEL,0,0,BLOQUE,0,0,OFERTA DE 3,0,0,Botella,0,0,MANGAS,0,0,CIENTO,0,0,DOCENA,0,0,Blister de 10 pastillas,0,0,KILO,0,0,MEDIA DOCENA,0,0,LIBRA,0,0,MEDIO KITAL,0,0,ROLLO,0,0,CARTON,0,0,paquete,0,0,ARROBA,0,0,CUBETAZO DE 6 CERVEZAS,0,0,0,1,2026/07/28 13:01,2026/07/28 13:01,0,NO,NO,SI,SI,0,0,0,0,0,0,0,0,0,0,0,.,0
109,109,4,34,0,0,10,0,0,0,0,0,0,0,0,0,0,0,0,0,UNIDAD,1,0,2PACK,0,0,caja,0,0,TONEL,0,0,BLOQUE,0,0,OFERTA DE 3,0,0,Botella,0,0,MANGAS,0,0,CIENTO,0,0,DOCENA,0,0,Blister de 10 pastillas,0,0,KILO,0,0,MEDIA DOCENA,0,0,LIBRA,0,0,MEDIO KITAL,0,0,ROLLO,0,0,CARTON,0,0,paquete,0,0,ARROBA,0,0,CUBETAZO DE 6 CERVEZAS,0,0,0,1,2026/07/28 13:01,2026/07/28 13:01,0,NO,NO,SI,SI,0,0,0,0,0,0,0,0,0,0,0,.,0
110,110,4,34,0,0,10,0,0,0,0,0,0,0,0,0,0,0,0,0,UNIDAD,1,0,2PACK,0,0,caja,0,0,TONEL,0,0,BLOQUE,0,0,OFERTA DE 3,0,0,Botella,0,0,MANGAS,0,0,CIENTO,0,0,DOCENA,0,0,Blister de 10 pastillas,0,0,KILO,0,0,MEDIA DOCENA,0,0,LIBRA,0,0,MEDIO KITAL,0,0,ROLLO,0,0,CARTON,0,0,paquete,0,0,ARROBA,0,0,CUBETAZO DE 6 CERVEZAS,0,0,0,1,2026/07/28 13:01,2026/07/28 13:01,0,NO,NO,SI,SI,0,0,0,0,0,0,0,0,0,0,0,.,0
111,111,4,34,0,0,10,0,120.63,120.63,0,0,0,0,0,0,0,0,0,0,UNIDAD,1,120.63,2PACK,0,0,caja,0,0,TONEL,0,0,BLOQUE,0,0,OFERTA DE 3,0,0,Botella,0,0,MANGAS,0,0,CIENTO,0,0,DOCENA,0,0,Blister de 10 pastillas,0,0,KILO,0,0,MEDIA DOCENA,0,0,LIBRA,0,0,MEDIO KITAL,0,0,ROLLO,0,0,CARTON,0,0,paquete,0,0,ARROBA,0,0,CUBETAZO DE 6 CERVEZAS,0,0,0,1,2026/07/28 13:01,2026/07/28 13:01,0,NO,NO,SI,SI,0,0,0,0,0,0,0,0,0,0,0,.,0
112,112,4,34,0,0,10,0,37.77,37.77,0,0,0,0,0,0,0,0,0,0,UNIDAD,1,37.77,2PACK,0,0,caja,0,0,TONEL,0,0,BLOQUE,0,0,OFERTA DE 3,0,0,Botella,0,0,MANGAS,0,0,CIENTO,0,0,DOCENA,0,0,Blister de 10 pastillas,0,0,KILO,0,0,MEDIA DOCENA,0,0,LIBRA,0,0,MEDIO KITAL,0,0,ROLLO,0,0,CARTON,0,0,paquete,0,0,ARROBA,0,0,CUBETAZO DE 6 CERVEZAS,0,0,0,1,2026/07/28 13:01,2026/07/28 13:01,0,NO,NO,SI,SI,0,0,0,0,0,0,0,0,0,0,0,.,0
113,113,4,34,0,0,10,0,0,0,0,0,0,0,0,0,0,0,0,0,UNIDAD,1,0,2PACK,0,0,caja,0,0,TONEL,0,0,BLOQUE,0,0,OFERTA DE 3,0,0,Botella,0,0,MANGAS,0,0,CIENTO,0,0,DOCENA,0,0,Blister de 10 pastillas,0,0,KILO,0,0,MEDIA DOCENA,0,0,LIBRA,0,0,MEDIO KITAL,0,0,ROLLO,0,0,CARTON,0,0,paquete,0,0,ARROBA,0,0,CUBETAZO DE 6 CERVEZAS,0,0,0,1,2026/07/28 13:01,2026/07/28 13:01,0,NO,NO,SI,SI,0,0,0,0,0,0,0,0,0,0,0,.,0
114,114,4,34,0,0,10,0,0,0,0,0,0,0,0,0,0,0,0,0,UNIDAD,1,0,2PACK,0,0,caja,0,0,TONEL,0,0,BLOQUE,0,0,OFERTA DE 3,0,0,Botella,0,0,MANGAS,0,0,CIENTO,0,0,DOCENA,0,0,Blister de 10 pastillas,0,0,KILO,0,0,MEDIA DOCENA,0,0,LIBRA,0,0,MEDIO KITAL,0,0,ROLLO,0,0,CARTON,0,0,paquete,0,0,ARROBA,0,0,CUBETAZO DE 6 CERVEZAS,0,0,0,1,2026/07/28 13:01,2026/07/28 13:01,0,NO,NO,SI,SI,0,0,0,0,0,0,0,0,0,0,0,.,0
115,115,4,34,0,0,10,0,225,225,0,0,0,0,0,0,0,0,0,0,UNIDAD,1,225,2PACK,0,0,caja,0,0,TONEL,0,0,BLOQUE,0,0,OFERTA DE 3,0,0,Botella,0,0,MANGAS,0,0,CIENTO,0,0,DOCENA,0,0,Blister de 10 pastillas,0,0,KILO,0,0,MEDIA DOCENA,0,0,LIBRA,0,0,MEDIO KITAL,0,0,ROLLO,0,0,CARTON,0,0,paquete,0,0,ARROBA,0,0,CUBETAZO DE 6 CERVEZAS,0,0,0,1,2026/07/28 13:01,2026/07/28 13:01,0,NO,NO,SI,SI,0,0,0,0,0,0,0,0,0,0,0,.,0
116,116,4,34,0,0,10,0,170,170,0,0,0,0,0,0,0,0,0,0,UNIDAD,1,170,2PACK,0,0,caja,0,0,TONEL,0,0,BLOQUE,0,0,OFERTA DE 3,0,0,Botella,0,0,MANGAS,0,0,CIENTO,0,0,DOCENA,0,0,Blister de 10 pastillas,0,0,KILO,0,0,MEDIA DOCENA,0,0,LIBRA,0,0,MEDIO KITAL,0,0,ROLLO,0,0,CARTON,0,0,paquete,0,0,ARROBA,0,0,CUBETAZO DE 6 CERVEZAS,0,0,0,1,2026/07/28 13:01,2026/07/28 13:01,0,NO,NO,SI,SI,0,0,0,0,0,0,0,0,0,0,0,.,0
117,117,4,34,0,0,10,0,299,299,0,0,0,0,0,0,0,0,0,0,UNIDAD,1,299,2PACK,0,0,caja,0,0,TONEL,0,0,BLOQUE,0,0,OFERTA DE 3,0,0,Botella,0,0,MANGAS,0,0,CIENTO,0,0,DOCENA,0,0,Blister de 10 pastillas,0,0,KILO,0,0,MEDIA DOCENA,0,0,LIBRA,0,0,MEDIO KITAL,0,0,ROLLO,0,0,CARTON,0,0,paquete,0,0,ARROBA,0,0,CUBETAZO DE 6 CERVEZAS,0,0,0,1,2026/07/28 13:01,2026/07/28 13:01,0,NO,NO,SI,SI,0,0,0,0,0,0,0,0,0,0,0,.,0
118,118,4,34,0,0,10,0,0,0,0,0,0,0,0,0,0,0,0,0,UNIDAD,1,0,2PACK,0,0,caja,0,0,TONEL,0,0,BLOQUE,0,0,OFERTA DE 3,0,0,Botella,0,0,MANGAS,0,0,CIENTO,0,0,DOCENA,0,0,Blister de 10 pastillas,0,0,KILO,0,0,MEDIA DOCENA,0,0,LIBRA,0,0,MEDIO KITAL,0,0,ROLLO,0,0,CARTON,0,0,paquete,0,0,ARROBA,0,0,CUBETAZO DE 6 CERVEZAS,0,0,0,1,2026/07/28 13:01,2026/07/28 13:01,0,NO,NO,SI,SI,0,0,0,0,0,0,0,0,0,0,0,.,0
119,119,4,34,0,0,10,0,0,0,0,0,0,0,0,0,0,0,0,0,UNIDAD,1,0,2PACK,0,0,caja,0,0,TONEL,0,0,BLOQUE,0,0,OFERTA DE 3,0,0,Botella,0,0,MANGAS,0,0,CIENTO,0,0,DOCENA,0,0,Blister de 10 pastillas,0,0,KILO,0,0,MEDIA DOCENA,0,0,LIBRA,0,0,MEDIO KITAL,0,0,ROLLO,0,0,CARTON,0,0,paquete,0,0,ARROBA,0,0,CUBETAZO DE 6 CERVEZAS,0,0,0,1,2026/07/28 13:01,2026/07/28 13:01,0,NO,NO,SI,SI,0,0,0,0,0,0,0,0,0,0,0,.,0
120,120,4,34,0,0,10,0,0,0,0,0,0,0,0,0,0,0,0,0,UNIDAD,1,0,2PACK,0,0,caja,0,0,TONEL,0,0,BLOQUE,0,0,OFERTA DE 3,0,0,Botella,0,0,MANGAS,0,0,CIENTO,0,0,DOCENA,0,0,Blister de 10 pastillas,0,0,KILO,0,0,MEDIA DOCENA,0,0,LIBRA,0,0,MEDIO KITAL,0,0,ROLLO,0,0,CARTON,0,0,paquete,0,0,ARROBA,0,0,CUBETAZO DE 6 CERVEZAS,0,0,0,1,2026/07/28 13:01,2026/07/28 13:01,0,NO,NO,SI,SI,0,0,0,0,0,0,0,0,0,0,0,.,0
121,121,4,34,0,0,10,0,222.5,222.5,0,0,0,0,0,0,0,0,0,0,UNIDAD,1,222.5,2PACK,0,0,caja,0,0,TONEL,0,0,BLOQUE,0,0,OFERTA DE 3,0,0,Botella,0,0,MANGAS,0,0,CIENTO,0,0,DOCENA,0,0,Blister de 10 pastillas,0,0,KILO,0,0,MEDIA DOCENA,0,0,LIBRA,0,0,MEDIO KITAL,0,0,ROLLO,0,0,CARTON,0,0,paquete,0,0,ARROBA,0,0,CUBETAZO DE 6 CERVEZAS,0,0,0,1,2026/07/28 13:01,2026/07/28 13:01,0,NO,NO,SI,SI,0,0,0,0,0,0,0,0,0,0,0,.,0
122,122,4,34,0,0,10,0,12.57,12.57,0,0,0,0,0,0,0,0,0,0,UNIDAD,1,12.57,2PACK,0,0,caja,0,0,TONEL,0,0,BLOQUE,0,0,OFERTA DE 3,0,0,Botella,0,0,MANGAS,0,0,CIENTO,0,0,DOCENA,0,0,Blister de 10 pastillas,0,0,KILO,0,0,MEDIA DOCENA,0,0,LIBRA,0,0,MEDIO KITAL,0,0,ROLLO,0,0,CARTON,0,0,paquete,0,0,ARROBA,0,0,CUBETAZO DE 6 CERVEZAS,0,0,0,1,2026/07/28 13:01,2026/07/28 13:01,0,NO,NO,SI,SI,0,0,0,0,0,0,0,0,0,0,0,.,0
123,123,4,34,0,0,10,0,9.6,9.6,0,0,0,0,0,0,0,0,0,0,UNIDAD,1,9.6,2PACK,0,0,caja,0,0,TONEL,0,0,BLOQUE,0,0,OFERTA DE 3,0,0,Botella,0,0,MANGAS,0,0,CIENTO,0,0,DOCENA,0,0,Blister de 10 pastillas,0,0,KILO,0,0,MEDIA DOCENA,0,0,LIBRA,0,0,MEDIO KITAL,0,0,ROLLO,0,0,CARTON,0,0,paquete,0,0,ARROBA,0,0,CUBETAZO DE 6 CERVEZAS,0,0,0,1,2026/07/28 13:01,2026/07/28 13:01,0,NO,NO,SI,SI,0,0,0,0,0,0,0,0,0,0,0,.,0
124,124,4,34,0,0,10,0,7.4,7.4,0,0,0,0,0,0,0,0,0,0,UNIDAD,1,7.4,2PACK,0,0,caja,0,0,TONEL,0,0,BLOQUE,0,0,OFERTA DE 3,0,0,Botella,0,0,MANGAS,0,0,CIENTO,0,0,DOCENA,0,0,Blister de 10 pastillas,0,0,KILO,0,0,MEDIA DOCENA,0,0,LIBRA,0,0,MEDIO KITAL,0,0,ROLLO,0,0,CARTON,0,0,paquete,0,0,ARROBA,0,0,CUBETAZO DE 6 CERVEZAS,0,0,0,1,2026/07/28 13:01,2026/07/28 13:01,0,NO,NO,SI,SI,0,0,0,0,0,0,0,0,0,0,0,.,0
125,125,4,34,0,0,10,0,200,200,0,0,0,0,0,0,0,0,0,0,UNIDAD,1,200,2PACK,0,0,caja,0,0,TONEL,0,0,BLOQUE,0,0,OFERTA DE 3,0,0,Botella,0,0,MANGAS,0,0,CIENTO,0,0,DOCENA,0,0,Blister de 10 pastillas,0,0,KILO,0,0,MEDIA DOCENA,0,0,LIBRA,0,0,MEDIO KITAL,0,0,ROLLO,0,0,CARTON,0,0,paquete,0,0,ARROBA,0,0,CUBETAZO DE 6 CERVEZAS,0,0,0,1,2026/07/28 13:01,2026/07/28 13:01,0,NO,NO,SI,SI,0,0,0,0,0,0,0,0,0,0,0,.,0
126,126,4,34,0,0,10,0,91.6,91.6,0,0,0,0,0,0,0,0,0,0,UNIDAD,1,91.6,2PACK,0,0,caja,0,0,TONEL,0,0,BLOQUE,0,0,OFERTA DE 3,0,0,Botella,0,0,MANGAS,0,0,CIENTO,0,0,DOCENA,0,0,Blister de 10 pastillas,0,0,KILO,0,0,MEDIA DOCENA,0,0,LIBRA,0,0,MEDIO KITAL,0,0,ROLLO,0,0,CARTON,0,0,paquete,0,0,ARROBA,0,0,CUBETAZO DE 6 CERVEZAS,0,0,0,1,2026/07/28 13:01,2026/07/28 13:01,0,NO,NO,SI,SI,0,0,0,0,0,0,0,0,0,0,0,.,0
127,127,4,34,0,0,10,0,30.91,30.91,0,0,0,0,0,0,0,0,0,0,UNIDAD,1,30.91,2PACK,0,0,caja,0,0,TONEL,0,0,BLOQUE,0,0,OFERTA DE 3,0,0,Botella,0,0,MANGAS,0,0,CIENTO,0,0,DOCENA,0,0,Blister de 10 pastillas,0,0,KILO,0,0,MEDIA DOCENA,0,0,LIBRA,0,0,MEDIO KITAL,0,0,ROLLO,0,0,CARTON,0,0,paquete,0,0,ARROBA,0,0,CUBETAZO DE 6 CERVEZAS,0,0,0,1,2026/07/28 13:01,2026/07/28 13:01,0,NO,NO,SI,SI,0,0,0,0,0,0,0,0,0,0,0,.,0
128,128,4,34,0,0,10,0,400,400,0,0,0,0,0,0,0,0,0,0,UNIDAD,1,400,2PACK,0,0,caja,0,0,TONEL,0,0,BLOQUE,0,0,OFERTA DE 3,0,0,Botella,0,0,MANGAS,0,0,CIENTO,0,0,DOCENA,0,0,Blister de 10 pastillas,0,0,KILO,0,0,MEDIA DOCENA,0,0,LIBRA,0,0,MEDIO KITAL,0,0,ROLLO,0,0,CARTON,0,0,paquete,0,0,ARROBA,0,0,CUBETAZO DE 6 CERVEZAS,0,0,0,1,2026/07/28 13:01,2026/07/28 13:01,0,NO,NO,SI,SI,0,0,0,0,0,0,0,0,0,0,0,.,0
129,129,4,34,0,0,10,0,317,317,0,0,0,0,0,0,0,0,0,0,UNIDAD,1,317,2PACK,0,0,caja,0,0,TONEL,0,0,BLOQUE,0,0,OFERTA DE 3,0,0,Botella,0,0,MANGAS,0,0,CIENTO,0,0,DOCENA,0,0,Blister de 10 pastillas,0,0,KILO,0,0,MEDIA DOCENA,0,0,LIBRA,0,0,MEDIO KITAL,0,0,ROLLO,0,0,CARTON,0,0,paquete,0,0,ARROBA,0,0,CUBETAZO DE 6 CERVEZAS,0,0,0,1,2026/07/28 13:01,2026/07/28 13:01,0,NO,NO,SI,SI,0,0,0,0,0,0,0,0,0,0,0,.,0
130,130,4,34,0,0,10,0,204.25,204.25,0,0,0,0,0,0,0,0,0,0,UNIDAD,1,204.25,2PACK,0,0,caja,0,0,TONEL,0,0,BLOQUE,0,0,OFERTA DE 3,0,0,Botella,0,0,MANGAS,0,0,CIENTO,0,0,DOCENA,0,0,Blister de 10 pastillas,0,0,KILO,0,0,MEDIA DOCENA,0,0,LIBRA,0,0,MEDIO KITAL,0,0,ROLLO,0,0,CARTON,0,0,paquete,0,0,ARROBA,0,0,CUBETAZO DE 6 CERVEZAS,0,0,0,1,2026/07/28 13:01,2026/07/28 13:01,0,NO,NO,SI,SI,0,0,0,0,0,0,0,0,0,0,0,.,0
131,131,4,34,0,0,10,0,225,225,0,0,0,0,0,0,0,0,0,0,UNIDAD,1,225,2PACK,0,0,caja,0,0,TONEL,0,0,BLOQUE,0,0,OFERTA DE 3,0,0,Botella,0,0,MANGAS,0,0,CIENTO,0,0,DOCENA,0,0,Blister de 10 pastillas,0,0,KILO,0,0,MEDIA DOCENA,0,0,LIBRA,0,0,MEDIO KITAL,0,0,ROLLO,0,0,CARTON,0,0,paquete,0,0,ARROBA,0,0,CUBETAZO DE 6 CERVEZAS,0,0,0,1,2026/07/28 13:01,2026/07/28 13:01,0,NO,NO,SI,SI,0,0,0,0,0,0,0,0,0,0,0,.,0
132,132,4,34,0,0,10,0,82,82,0,0,0,0,0,0,0,0,0,0,UNIDAD,1,82,2PACK,0,0,caja,0,0,TONEL,0,0,BLOQUE,0,0,OFERTA DE 3,0,0,Botella,0,0,MANGAS,0,0,CIENTO,0,0,DOCENA,0,0,Blister de 10 pastillas,0,0,KILO,0,0,MEDIA DOCENA,0,0,LIBRA,0,0,MEDIO KITAL,0,0,ROLLO,0,0,CARTON,0,0,paquete,0,0,ARROBA,0,0,CUBETAZO DE 6 CERVEZAS,0,0,0,1,2026/07/28 13:01,2026/07/28 13:01,0,NO,NO,SI,SI,0,0,0,0,0,0,0,0,0,0,0,.,0
133,133,4,34,0,0,10,0,89.5,89.5,0,0,0,0,0,0,0,0,0,0,UNIDAD,1,89.5,2PACK,0,0,caja,0,0,TONEL,0,0,BLOQUE,0,0,OFERTA DE 3,0,0,Botella,0,0,MANGAS,0,0,CIENTO,0,0,DOCENA,0,0,Blister de 10 pastillas,0,0,KILO,0,0,MEDIA DOCENA,0,0,LIBRA,0,0,MEDIO KITAL,0,0,ROLLO,0,0,CARTON,0,0,paquete,0,0,ARROBA,0,0,CUBETAZO DE 6 CERVEZAS,0,0,0,1,2026/07/28 13:01,2026/07/28 13:01,0,NO,NO,SI,SI,0,0,0,0,0,0,0,0,0,0,0,.,0
134,134,4,34,0,0,10,0,326,326,0,0,0,0,0,0,0,0,0,0,UNIDAD,1,326,2PACK,0,0,caja,0,0,TONEL,0,0,BLOQUE,0,0,OFERTA DE 3,0,0,Botella,0,0,MANGAS,0,0,CIENTO,0,0,DOCENA,0,0,Blister de 10 pastillas,0,0,KILO,0,0,MEDIA DOCENA,0,0,LIBRA,0,0,MEDIO KITAL,0,0,ROLLO,0,0,CARTON,0,0,paquete,0,0,ARROBA,0,0,CUBETAZO DE 6 CERVEZAS,0,0,0,1,2026/07/28 13:01,2026/07/28 13:01,0,NO,NO,SI,SI,0,0,0,0,0,0,0,0,0,0,0,.,0
135,135,4,34,0,0,10,0,86,86,0,0,0,0,0,0,0,0,0,0,UNIDAD,1,86,2PACK,0,0,caja,0,0,TONEL,0,0,BLOQUE,0,0,OFERTA DE 3,0,0,Botella,0,0,MANGAS,0,0,CIENTO,0,0,DOCENA,0,0,Blister de 10 pastillas,0,0,KILO,0,0,MEDIA DOCENA,0,0,LIBRA,0,0,MEDIO KITAL,0,0,ROLLO,0,0,CARTON,0,0,paquete,0,0,ARROBA,0,0,CUBETAZO DE 6 CERVEZAS,0,0,0,1,2026/07/28 13:01,2026/07/28 13:01,0,NO,NO,SI,SI,0,0,0,0,0,0,0,0,0,0,0,.,0
136,136,4,34,0,0,10,0,276.5,276.5,0,0,0,0,0,0,0,0,0,0,UNIDAD,1,276.5,2PACK,0,0,caja,0,0,TONEL,0,0,BLOQUE,0,0,OFERTA DE 3,0,0,Botella,0,0,MANGAS,0,0,CIENTO,0,0,DOCENA,0,0,Blister de 10 pastillas,0,0,KILO,0,0,MEDIA DOCENA,0,0,LIBRA,0,0,MEDIO KITAL,0,0,ROLLO,0,0,CARTON,0,0,paquete,0,0,ARROBA,0,0,CUBETAZO DE 6 CERVEZAS,0,0,0,1,2026/07/28 13:01,2026/07/28 13:01,0,NO,NO,SI,SI,0,0,0,0,0,0,0,0,0,0,0,.,0
137,137,4,34,0,0,10,0,301.25,301.25,0,0,0,0,0,0,0,0,0,0,UNIDAD,1,301.25,2PACK,0,0,caja,0,0,TONEL,0,0,BLOQUE,0,0,OFERTA DE 3,0,0,Botella,0,0,MANGAS,0,0,CIENTO,0,0,DOCENA,0,0,Blister de 10 pastillas,0,0,KILO,0,0,MEDIA DOCENA,0,0,LIBRA,0,0,MEDIO KITAL,0,0,ROLLO,0,0,CARTON,0,0,paquete,0,0,ARROBA,0,0,CUBETAZO DE 6 CERVEZAS,0,0,0,1,2026/07/28 13:01,2026/07/28 13:01,0,NO,NO,SI,SI,0,0,0,0,0,0,0,0,0,0,0,.,0
138,138,4,34,0,0,10,0,335,335,0,0,0,0,0,0,0,0,0,0,UNIDAD,1,335,2PACK,0,0,caja,0,0,TONEL,0,0,BLOQUE,0,0,OFERTA DE 3,0,0,Botella,0,0,MANGAS,0,0,CIENTO,0,0,DOCENA,0,0,Blister de 10 pastillas,0,0,KILO,0,0,MEDIA DOCENA,0,0,LIBRA,0,0,MEDIO KITAL,0,0,ROLLO,0,0,CARTON,0,0,paquete,0,0,ARROBA,0,0,CUBETAZO DE 6 CERVEZAS,0,0,0,1,2026/07/28 13:01,2026/07/28 13:01,0,NO,NO,SI,SI,0,0,0,0,0,0,0,0,0,0,0,.,0
139,139,4,34,0,0,10,0,311,311,0,0,0,0,0,0,0,0,0,0,UNIDAD,1,311,2PACK,0,0,caja,0,0,TONEL,0,0,BLOQUE,0,0,OFERTA DE 3,0,0,Botella,0,0,MANGAS,0,0,CIENTO,0,0,DOCENA,0,0,Blister de 10 pastillas,0,0,KILO,0,0,MEDIA DOCENA,0,0,LIBRA,0,0,MEDIO KITAL,0,0,ROLLO,0,0,CARTON,0,0,paquete,0,0,ARROBA,0,0,CUBETAZO DE 6 CERVEZAS,0,0,0,1,2026/07/28 13:01,2026/07/28 13:01,0,NO,NO,SI,SI,0,0,0,0,0,0,0,0,0,0,0,.,0
140,140,4,34,0,0,10,0,,,0,0,0,0,0,0,0,0,0,0,UNIDAD,1,,2PACK,0,0,caja,0,0,TONEL,0,0,BLOQUE,0,0,OFERTA DE 3,0,0,Botella,0,0,MANGAS,0,0,CIENTO,0,0,DOCENA,0,0,Blister de 10 pastillas,0,0,KILO,0,0,MEDIA DOCENA,0,0,LIBRA,0,0,MEDIO KITAL,0,0,ROLLO,0,0,CARTON,0,0,paquete,0,0,ARROBA,0,0,CUBETAZO DE 6 CERVEZAS,0,0,0,1,2026/07/28 13:01,2026/07/28 13:01,0,NO,NO,SI,SI,0,0,0,0,0,0,0,0,0,0,0,.,0
141,141,4,34,0,0,10,0,,,0,0,0,0,0,0,0,0,0,0,UNIDAD,1,,2PACK,0,0,caja,0,0,TONEL,0,0,BLOQUE,0,0,OFERTA DE 3,0,0,Botella,0,0,MANGAS,0,0,CIENTO,0,0,DOCENA,0,0,Blister de 10 pastillas,0,0,KILO,0,0,MEDIA DOCENA,0,0,LIBRA,0,0,MEDIO KITAL,0,0,ROLLO,0,0,CARTON,0,0,paquete,0,0,ARROBA,0,0,CUBETAZO DE 6 CERVEZAS,0,0,0,1,2026/07/28 13:01,2026/07/28 13:01,0,NO,NO,SI,SI,0,0,0,0,0,0,0,0,0,0,0,.,0
142,142,4,34,0,0,10,0,,,0,0,0,0,0,0,0,0,0,0,UNIDAD,1,,2PACK,0,0,caja,0,0,TONEL,0,0,BLOQUE,0,0,OFERTA DE 3,0,0,Botella,0,0,MANGAS,0,0,CIENTO,0,0,DOCENA,0,0,Blister de 10 pastillas,0,0,KILO,0,0,MEDIA DOCENA,0,0,LIBRA,0,0,MEDIO KITAL,0,0,ROLLO,0,0,CARTON,0,0,paquete,0,0,ARROBA,0,0,CUBETAZO DE 6 CERVEZAS,0,0,0,1,2026/07/28 13:01,2026/07/28 13:01,0,NO,NO,SI,SI,0,0,0,0,0,0,0,0,0,0,0,.,0
143,143,4,34,0,0,10,0,,,0,0,0,0,0,0,0,0,0,0,UNIDAD,1,,2PACK,0,0,caja,0,0,TONEL,0,0,BLOQUE,0,0,OFERTA DE 3,0,0,Botella,0,0,MANGAS,0,0,CIENTO,0,0,DOCENA,0,0,Blister de 10 pastillas,0,0,KILO,0,0,MEDIA DOCENA,0,0,LIBRA,0,0,MEDIO KITAL,0,0,ROLLO,0,0,CARTON,0,0,paquete,0,0,ARROBA,0,0,CUBETAZO DE 6 CERVEZAS,0,0,0,1,2026/07/28 13:01,2026/07/28 13:01,0,NO,NO,SI,SI,0,0,0,0,0,0,0,0,0,0,0,.,0
144,144,4,34,0,0,10,0,,,0,0,0,0,0,0,0,0,0,0,UNIDAD,1,,2PACK,0,0,caja,0,0,TONEL,0,0,BLOQUE,0,0,OFERTA DE 3,0,0,Botella,0,0,MANGAS,0,0,CIENTO,0,0,DOCENA,0,0,Blister de 10 pastillas,0,0,KILO,0,0,MEDIA DOCENA,0,0,LIBRA,0,0,MEDIO KITAL,0,0,ROLLO,0,0,CARTON,0,0,paquete,0,0,ARROBA,0,0,CUBETAZO DE 6 CERVEZAS,0,0,0,1,2026/07/28 13:01,2026/07/28 13:01,0,NO,NO,SI,SI,0,0,0,0,0,0,0,0,0,0,0,.,0
145,145,4,34,0,0,10,0,,,0,0,0,0,0,0,0,0,0,0,UNIDAD,1,,2PACK,0,0,caja,0,0,TONEL,0,0,BLOQUE,0,0,OFERTA DE 3,0,0,Botella,0,0,MANGAS,0,0,CIENTO,0,0,DOCENA,0,0,Blister de 10 pastillas,0,0,KILO,0,0,MEDIA DOCENA,0,0,LIBRA,0,0,MEDIO KITAL,0,0,ROLLO,0,0,CARTON,0,0,paquete,0,0,ARROBA,0,0,CUBETAZO DE 6 CERVEZAS,0,0,0,1,2026/07/28 13:01,2026/07/28 13:01,0,NO,NO,SI,SI,0,0,0,0,0,0,0,0,0,0,0,.,0
146,146,4,34,0,0,10,0,,,0,0,0,0,0,0,0,0,0,0,UNIDAD,1,,2PACK,0,0,caja,0,0,TONEL,0,0,BLOQUE,0,0,OFERTA DE 3,0,0,Botella,0,0,MANGAS,0,0,CIENTO,0,0,DOCENA,0,0,Blister de 10 pastillas,0,0,KILO,0,0,MEDIA DOCENA,0,0,LIBRA,0,0,MEDIO KITAL,0,0,ROLLO,0,0,CARTON,0,0,paquete,0,0,ARROBA,0,0,CUBETAZO DE 6 CERVEZAS,0,0,0,1,2026/07/28 13:01,2026/07/28 13:01,0,NO,NO,SI,SI,0,0,0,0,0,0,0,0,0,0,0,.,0
147,147,4,34,0,0,10,0,,,0,0,0,0,0,0,0,0,0,0,UNIDAD,1,,2PACK,0,0,caja,0,0,TONEL,0,0,BLOQUE,0,0,OFERTA DE 3,0,0,Botella,0,0,MANGAS,0,0,CIENTO,0,0,DOCENA,0,0,Blister de 10 pastillas,0,0,KILO,0,0,MEDIA DOCENA,0,0,LIBRA,0,0,MEDIO KITAL,0,0,ROLLO,0,0,CARTON,0,0,paquete,0,0,ARROBA,0,0,CUBETAZO DE 6 CERVEZAS,0,0,0,1,2026/07/28 13:01,2026/07/28 13:01,0,NO,NO,SI,SI,0,0,0,0,0,0,0,0,0,0,0,.,0
148,148,4,34,0,0,10,0,,,0,0,0,0,0,0,0,0,0,0,UNIDAD,1,,2PACK,0,0,caja,0,0,TONEL,0,0,BLOQUE,0,0,OFERTA DE 3,0,0,Botella,0,0,MANGAS,0,0,CIENTO,0,0,DOCENA,0,0,Blister de 10 pastillas,0,0,KILO,0,0,MEDIA DOCENA,0,0,LIBRA,0,0,MEDIO KITAL,0,0,ROLLO,0,0,CARTON,0,0,paquete,0,0,ARROBA,0,0,CUBETAZO DE 6 CERVEZAS,0,0,0,1,2026/07/28 13:01,2026/07/28 13:01,0,NO,NO,SI,SI,0,0,0,0,0,0,0,0,0,0,0,.,0
149,149,4,34,0,0,10,0,,,0,0,0,0,0,0,0,0,0,0,UNIDAD,1,,2PACK,0,0,caja,0,0,TONEL,0,0,BLOQUE,0,0,OFERTA DE 3,0,0,Botella,0,0,MANGAS,0,0,CIENTO,0,0,DOCENA,0,0,Blister de 10 pastillas,0,0,KILO,0,0,MEDIA DOCENA,0,0,LIBRA,0,0,MEDIO KITAL,0,0,ROLLO,0,0,CARTON,0,0,paquete,0,0,ARROBA,0,0,CUBETAZO DE 6 CERVEZAS,0,0,0,1,2026/07/28 13:01,2026/07/28 13:01,0,NO,NO,SI,SI,0,0,0,0,0,0,0,0,0,0,0,.,0
150,150,4,34,0,0,10,0,,,0,0,0,0,0,0,0,0,0,0,UNIDAD,1,,2PACK,0,0,caja,0,0,TONEL,0,0,BLOQUE,0,0,OFERTA DE 3,0,0,Botella,0,0,MANGAS,0,0,CIENTO,0,0,DOCENA,0,0,Blister de 10 pastillas,0,0,KILO,0,0,MEDIA DOCENA,0,0,LIBRA,0,0,MEDIO KITAL,0,0,ROLLO,0,0,CARTON,0,0,paquete,0,0,ARROBA,0,0,CUBETAZO DE 6 CERVEZAS,0,0,0,1,2026/07/28 13:01,2026/07/28 13:01,0,NO,NO,SI,SI,0,0,0,0,0,0,0,0,0,0,0,.,0
151,151,4,34,0,0,10,0,,,0,0,0,0,0,0,0,0,0,0,UNIDAD,1,,2PACK,0,0,caja,0,0,TONEL,0,0,BLOQUE,0,0,OFERTA DE 3,0,0,Botella,0,0,MANGAS,0,0,CIENTO,0,0,DOCENA,0,0,Blister de 10 pastillas,0,0,KILO,0,0,MEDIA DOCENA,0,0,LIBRA,0,0,MEDIO KITAL,0,0,ROLLO,0,0,CARTON,0,0,paquete,0,0,ARROBA,0,0,CUBETAZO DE 6 CERVEZAS,0,0,0,1,2026/07/28 13:01,2026/07/28 13:01,0,NO,NO,SI,SI,0,0,0,0,0,0,0,0,0,0,0,.,0
152,152,4,34,0,0,10,0,,,0,0,0,0,0,0,0,0,0,0,UNIDAD,1,,2PACK,0,0,caja,0,0,TONEL,0,0,BLOQUE,0,0,OFERTA DE 3,0,0,Botella,0,0,MANGAS,0,0,CIENTO,0,0,DOCENA,0,0,Blister de 10 pastillas,0,0,KILO,0,0,MEDIA DOCENA,0,0,LIBRA,0,0,MEDIO KITAL,0,0,ROLLO,0,0,CARTON,0,0,paquete,0,0,ARROBA,0,0,CUBETAZO DE 6 CERVEZAS,0,0,0,1,2026/07/28 13:01,2026/07/28 13:01,0,NO,NO,SI,SI,0,0,0,0,0,0,0,0,0,0,0,.,0
153,153,4,34,0,0,10,0,,,0,0,0,0,0,0,0,0,0,0,UNIDAD,1,,2PACK,0,0,caja,0,0,TONEL,0,0,BLOQUE,0,0,OFERTA DE 3,0,0,Botella,0,0,MANGAS,0,0,CIENTO,0,0,DOCENA,0,0,Blister de 10 pastillas,0,0,KILO,0,0,MEDIA DOCENA,0,0,LIBRA,0,0,MEDIO KITAL,0,0,ROLLO,0,0,CARTON,0,0,paquete,0,0,ARROBA,0,0,CUBETAZO DE 6 CERVEZAS,0,0,0,1,2026/07/28 13:01,2026/07/28 13:01,0,NO,NO,SI,SI,0,0,0,0,0,0,0,0,0,0,0,.,0
154,154,4,34,0,0,10,0,,,0,0,0,0,0,0,0,0,0,0,UNIDAD,1,,2PACK,0,0,caja,0,0,TONEL,0,0,BLOQUE,0,0,OFERTA DE 3,0,0,Botella,0,0,MANGAS,0,0,CIENTO,0,0,DOCENA,0,0,Blister de 10 pastillas,0,0,KILO,0,0,MEDIA DOCENA,0,0,LIBRA,0,0,MEDIO KITAL,0,0,ROLLO,0,0,CARTON,0,0,paquete,0,0,ARROBA,0,0,CUBETAZO DE 6 CERVEZAS,0,0,0,1,2026/07/28 13:01,2026/07/28 13:01,0,NO,NO,SI,SI,0,0,0,0,0,0,0,0,0,0,0,.,0
155,155,4,34,0,0,10,0,,,0,0,0,0,0,0,0,0,0,0,UNIDAD,1,,2PACK,0,0,caja,0,0,TONEL,0,0,BLOQUE,0,0,OFERTA DE 3,0,0,Botella,0,0,MANGAS,0,0,CIENTO,0,0,DOCENA,0,0,Blister de 10 pastillas,0,0,KILO,0,0,MEDIA DOCENA,0,0,LIBRA,0,0,MEDIO KITAL,0,0,ROLLO,0,0,CARTON,0,0,paquete,0,0,ARROBA,0,0,CUBETAZO DE 6 CERVEZAS,0,0,0,1,2026/07/28 13:01,2026/07/28 13:01,0,NO,NO,SI,SI,0,0,0,0,0,0,0,0,0,0,0,.,0
156,156,4,34,0,0,10,0,,,0,0,0,0,0,0,0,0,0,0,UNIDAD,1,,2PACK,0,0,caja,0,0,TONEL,0,0,BLOQUE,0,0,OFERTA DE 3,0,0,Botella,0,0,MANGAS,0,0,CIENTO,0,0,DOCENA,0,0,Blister de 10 pastillas,0,0,KILO,0,0,MEDIA DOCENA,0,0,LIBRA,0,0,MEDIO KITAL,0,0,ROLLO,0,0,CARTON,0,0,paquete,0,0,ARROBA,0,0,CUBETAZO DE 6 CERVEZAS,0,0,0,1,2026/07/28 13:01,2026/07/28 13:01,0,NO,NO,SI,SI,0,0,0,0,0,0,0,0,0,0,0,.,0
157,157,4,34,0,0,10,0,,,0,0,0,0,0,0,0,0,0,0,UNIDAD,1,,2PACK,0,0,caja,0,0,TONEL,0,0,BLOQUE,0,0,OFERTA DE 3,0,0,Botella,0,0,MANGAS,0,0,CIENTO,0,0,DOCENA,0,0,Blister de 10 pastillas,0,0,KILO,0,0,MEDIA DOCENA,0,0,LIBRA,0,0,MEDIO KITAL,0,0,ROLLO,0,0,CARTON,0,0,paquete,0,0,ARROBA,0,0,CUBETAZO DE 6 CERVEZAS,0,0,0,1,2026/07/28 13:01,2026/07/28 13:01,0,NO,NO,SI,SI,0,0,0,0,0,0,0,0,0,0,0,.,0
158,158,4,34,0,0,10,0,,,0,0,0,0,0,0,0,0,0,0,UNIDAD,1,,2PACK,0,0,caja,0,0,TONEL,0,0,BLOQUE,0,0,OFERTA DE 3,0,0,Botella,0,0,MANGAS,0,0,CIENTO,0,0,DOCENA,0,0,Blister de 10 pastillas,0,0,KILO,0,0,MEDIA DOCENA,0,0,LIBRA,0,0,MEDIO KITAL,0,0,ROLLO,0,0,CARTON,0,0,paquete,0,0,ARROBA,0,0,CUBETAZO DE 6 CERVEZAS,0,0,0,1,2026/07/28 13:01,2026/07/28 13:01,0,NO,NO,SI,SI,0,0,0,0,0,0,0,0,0,0,0,.,0
159,159,4,34,0,0,10,0,,,0,0,0,0,0,0,0,0,0,0,UNIDAD,1,,2PACK,0,0,caja,0,0,TONEL,0,0,BLOQUE,0,0,OFERTA DE 3,0,0,Botella,0,0,MANGAS,0,0,CIENTO,0,0,DOCENA,0,0,Blister de 10 pastillas,0,0,KILO,0,0,MEDIA DOCENA,0,0,LIBRA,0,0,MEDIO KITAL,0,0,ROLLO,0,0,CARTON,0,0,paquete,0,0,ARROBA,0,0,CUBETAZO DE 6 CERVEZAS,0,0,0,1,2026/07/28 13:01,2026/07/28 13:01,0,NO,NO,SI,SI,0,0,0,0,0,0,0,0,0,0,0,.,0
160,160,4,34,0,0,10,0,,,0,0,0,0,0,0,0,0,0,0,UNIDAD,1,,2PACK,0,0,caja,0,0,TONEL,0,0,BLOQUE,0,0,OFERTA DE 3,0,0,Botella,0,0,MANGAS,0,0,CIENTO,0,0,DOCENA,0,0,Blister de 10 pastillas,0,0,KILO,0,0,MEDIA DOCENA,0,0,LIBRA,0,0,MEDIO KITAL,0,0,ROLLO,0,0,CARTON,0,0,paquete,0,0,ARROBA,0,0,CUBETAZO DE 6 CERVEZAS,0,0,0,1,2026/07/28 13:01,2026/07/28 13:01,0,NO,NO,SI,SI,0,0,0,0,0,0,0,0,0,0,0,.,0
161,161,4,34,0,0,10,0,,,0,0,0,0,0,0,0,0,0,0,UNIDAD,1,,2PACK,0,0,caja,0,0,TONEL,0,0,BLOQUE,0,0,OFERTA DE 3,0,0,Botella,0,0,MANGAS,0,0,CIENTO,0,0,DOCENA,0,0,Blister de 10 pastillas,0,0,KILO,0,0,MEDIA DOCENA,0,0,LIBRA,0,0,MEDIO KITAL,0,0,ROLLO,0,0,CARTON,0,0,paquete,0,0,ARROBA,0,0,CUBETAZO DE 6 CERVEZAS,0,0,0,1,2026/07/28 13:01,2026/07/28 13:01,0,NO,NO,SI,SI,0,0,0,0,0,0,0,0,0,0,0,.,0
162,162,4,34,0,0,10,0,,,0,0,0,0,0,0,0,0,0,0,UNIDAD,1,,2PACK,0,0,caja,0,0,TONEL,0,0,BLOQUE,0,0,OFERTA DE 3,0,0,Botella,0,0,MANGAS,0,0,CIENTO,0,0,DOCENA,0,0,Blister de 10 pastillas,0,0,KILO,0,0,MEDIA DOCENA,0,0,LIBRA,0,0,MEDIO KITAL,0,0,ROLLO,0,0,CARTON,0,0,paquete,0,0,ARROBA,0,0,CUBETAZO DE 6 CERVEZAS,0,0,0,1,2026/07/28 13:01,2026/07/28 13:01,0,NO,NO,SI,SI,0,0,0,0,0,0,0,0,0,0,0,.,0
163,163,4,34,0,0,10,0,,,0,0,0,0,0,0,0,0,0,0,UNIDAD,1,,2PACK,0,0,caja,0,0,TONEL,0,0,BLOQUE,0,0,OFERTA DE 3,0,0,Botella,0,0,MANGAS,0,0,CIENTO,0,0,DOCENA,0,0,Blister de 10 pastillas,0,0,KILO,0,0,MEDIA DOCENA,0,0,LIBRA,0,0,MEDIO KITAL,0,0,ROLLO,0,0,CARTON,0,0,paquete,0,0,ARROBA,0,0,CUBETAZO DE 6 CERVEZAS,0,0,0,1,2026/07/28 13:01,2026/07/28 13:01,0,NO,NO,SI,SI,0,0,0,0,0,0,0,0,0,0,0,.,0
164,164,4,34,0,0,10,0,,,0,0,0,0,0,0,0,0,0,0,UNIDAD,1,,2PACK,0,0,caja,0,0,TONEL,0,0,BLOQUE,0,0,OFERTA DE 3,0,0,Botella,0,0,MANGAS,0,0,CIENTO,0,0,DOCENA,0,0,Blister de 10 pastillas,0,0,KILO,0,0,MEDIA DOCENA,0,0,LIBRA,0,0,MEDIO KITAL,0,0,ROLLO,0,0,CARTON,0,0,paquete,0,0,ARROBA,0,0,CUBETAZO DE 6 CERVEZAS,0,0,0,1,2026/07/28 13:01,2026/07/28 13:01,0,NO,NO,SI,SI,0,0,0,0,0,0,0,0,0,0,0,.,0
165,165,4,34,0,0,10,0,,,0,0,0,0,0,0,0,0,0,0,UNIDAD,1,,2PACK,0,0,caja,0,0,TONEL,0,0,BLOQUE,0,0,OFERTA DE 3,0,0,Botella,0,0,MANGAS,0,0,CIENTO,0,0,DOCENA,0,0,Blister de 10 pastillas,0,0,KILO,0,0,MEDIA DOCENA,0,0,LIBRA,0,0,MEDIO KITAL,0,0,ROLLO,0,0,CARTON,0,0,paquete,0,0,ARROBA,0,0,CUBETAZO DE 6 CERVEZAS,0,0,0,1,2026/07/28 13:01,2026/07/28 13:01,0,NO,NO,SI,SI,0,0,0,0,0,0,0,0,0,0,0,.,0
166,166,4,34,0,0,10,0,,,0,0,0,0,0,0,0,0,0,0,UNIDAD,1,,2PACK,0,0,caja,0,0,TONEL,0,0,BLOQUE,0,0,OFERTA DE 3,0,0,Botella,0,0,MANGAS,0,0,CIENTO,0,0,DOCENA,0,0,Blister de 10 pastillas,0,0,KILO,0,0,MEDIA DOCENA,0,0,LIBRA,0,0,MEDIO KITAL,0,0,ROLLO,0,0,CARTON,0,0,paquete,0,0,ARROBA,0,0,CUBETAZO DE 6 CERVEZAS,0,0,0,1,2026/07/28 13:01,2026/07/28 13:01,0,NO,NO,SI,SI,0,0,0,0,0,0,0,0,0,0,0,.,0
167,167,4,34,0,0,10,0,,,0,0,0,0,0,0,0,0,0,0,UNIDAD,1,,2PACK,0,0,caja,0,0,TONEL,0,0,BLOQUE,0,0,OFERTA DE 3,0,0,Botella,0,0,MANGAS,0,0,CIENTO,0,0,DOCENA,0,0,Blister de 10 pastillas,0,0,KILO,0,0,MEDIA DOCENA,0,0,LIBRA,0,0,MEDIO KITAL,0,0,ROLLO,0,0,CARTON,0,0,paquete,0,0,ARROBA,0,0,CUBETAZO DE 6 CERVEZAS,0,0,0,1,2026/07/28 13:01,2026/07/28 13:01,0,NO,NO,SI,SI,0,0,0,0,0,0,0,0,0,0,0,.,0
168,168,4,34,0,0,10,0,,,0,0,0,0,0,0,0,0,0,0,UNIDAD,1,,2PACK,0,0,caja,0,0,TONEL,0,0,BLOQUE,0,0,OFERTA DE 3,0,0,Botella,0,0,MANGAS,0,0,CIENTO,0,0,DOCENA,0,0,Blister de 10 pastillas,0,0,KILO,0,0,MEDIA DOCENA,0,0,LIBRA,0,0,MEDIO KITAL,0,0,ROLLO,0,0,CARTON,0,0,paquete,0,0,ARROBA,0,0,CUBETAZO DE 6 CERVEZAS,0,0,0,1,2026/07/28 13:01,2026/07/28 13:01,0,NO,NO,SI,SI,0,0,0,0,0,0,0,0,0,0,0,.,0
169,169,4,34,0,0,10,0,,,0,0,0,0,0,0,0,0,0,0,UNIDAD,1,,2PACK,0,0,caja,0,0,TONEL,0,0,BLOQUE,0,0,OFERTA DE 3,0,0,Botella,0,0,MANGAS,0,0,CIENTO,0,0,DOCENA,0,0,Blister de 10 pastillas,0,0,KILO,0,0,MEDIA DOCENA,0,0,LIBRA,0,0,MEDIO KITAL,0,0,ROLLO,0,0,CARTON,0,0,paquete,0,0,ARROBA,0,0,CUBETAZO DE 6 CERVEZAS,0,0,0,1,2026/07/28 13:01,2026/07/28 13:01,0,NO,NO,SI,SI,0,0,0,0,0,0,0,0,0,0,0,.,0
170,170,4,34,0,0,10,0,,,0,0,0,0,0,0,0,0,0,0,UNIDAD,1,,2PACK,0,0,caja,0,0,TONEL,0,0,BLOQUE,0,0,OFERTA DE 3,0,0,Botella,0,0,MANGAS,0,0,CIENTO,0,0,DOCENA,0,0,Blister de 10 pastillas,0,0,KILO,0,0,MEDIA DOCENA,0,0,LIBRA,0,0,MEDIO KITAL,0,0,ROLLO,0,0,CARTON,0,0,paquete,0,0,ARROBA,0,0,CUBETAZO DE 6 CERVEZAS,0,0,0,1,2026/07/28 13:01,2026/07/28 13:01,0,NO,NO,SI,SI,0,0,0,0,0,0,0,0,0,0,0,.,0
171,171,4,34,0,0,10,0,,,0,0,0,0,0,0,0,0,0,0,UNIDAD,1,,2PACK,0,0,caja,0,0,TONEL,0,0,BLOQUE,0,0,OFERTA DE 3,0,0,Botella,0,0,MANGAS,0,0,CIENTO,0,0,DOCENA,0,0,Blister de 10 pastillas,0,0,KILO,0,0,MEDIA DOCENA,0,0,LIBRA,0,0,MEDIO KITAL,0,0,ROLLO,0,0,CARTON,0,0,paquete,0,0,ARROBA,0,0,CUBETAZO DE 6 CERVEZAS,0,0,0,1,2026/07/28 13:01,2026/07/28 13:01,0,NO,NO,SI,SI,0,0,0,0,0,0,0,0,0,0,0,.,0
172,172,4,34,0,0,10,0,,,0,0,0,0,0,0,0,0,0,0,UNIDAD,1,,2PACK,0,0,caja,0,0,TONEL,0,0,BLOQUE,0,0,OFERTA DE 3,0,0,Botella,0,0,MANGAS,0,0,CIENTO,0,0,DOCENA,0,0,Blister de 10 pastillas,0,0,KILO,0,0,MEDIA DOCENA,0,0,LIBRA,0,0,MEDIO KITAL,0,0,ROLLO,0,0,CARTON,0,0,paquete,0,0,ARROBA,0,0,CUBETAZO DE 6 CERVEZAS,0,0,0,1,2026/07/28 13:01,2026/07/28 13:01,0,NO,NO,SI,SI,0,0,0,0,0,0,0,0,0,0,0,.,0
173,173,4,34,0,0,10,0,,,0,0,0,0,0,0,0,0,0,0,UNIDAD,1,,2PACK,0,0,caja,0,0,TONEL,0,0,BLOQUE,0,0,OFERTA DE 3,0,0,Botella,0,0,MANGAS,0,0,CIENTO,0,0,DOCENA,0,0,Blister de 10 pastillas,0,0,KILO,0,0,MEDIA DOCENA,0,0,LIBRA,0,0,MEDIO KITAL,0,0,ROLLO,0,0,CARTON,0,0,paquete,0,0,ARROBA,0,0,CUBETAZO DE 6 CERVEZAS,0,0,0,1,2026/07/28 13:01,2026/07/28 13:01,0,NO,NO,SI,SI,0,0,0,0,0,0,0,0,0,0,0,.,0
174,174,4,34,0,0,10,0,,,0,0,0,0,0,0,0,0,0,0,UNIDAD,1,,2PACK,0,0,caja,0,0,TONEL,0,0,BLOQUE,0,0,OFERTA DE 3,0,0,Botella,0,0,MANGAS,0,0,CIENTO,0,0,DOCENA,0,0,Blister de 10 pastillas,0,0,KILO,0,0,MEDIA DOCENA,0,0,LIBRA,0,0,MEDIO KITAL,0,0,ROLLO,0,0,CARTON,0,0,paquete,0,0,ARROBA,0,0,CUBETAZO DE 6 CERVEZAS,0,0,0,1,2026/07/28 13:01,2026/07/28 13:01,0,NO,NO,SI,SI,0,0,0,0,0,0,0,0,0,0,0,.,0
175,175,4,34,0,0,10,0,,,0,0,0,0,0,0,0,0,0,0,UNIDAD,1,,2PACK,0,0,caja,0,0,TONEL,0,0,BLOQUE,0,0,OFERTA DE 3,0,0,Botella,0,0,MANGAS,0,0,CIENTO,0,0,DOCENA,0,0,Blister de 10 pastillas,0,0,KILO,0,0,MEDIA DOCENA,0,0,LIBRA,0,0,MEDIO KITAL,0,0,ROLLO,0,0,CARTON,0,0,paquete,0,0,ARROBA,0,0,CUBETAZO DE 6 CERVEZAS,0,0,0,1,2026/07/28 13:01,2026/07/28 13:01,0,NO,NO,SI,SI,0,0,0,0,0,0,0,0,0,0,0,.,0
176,176,4,34,0,0,10,0,,,0,0,0,0,0,0,0,0,0,0,UNIDAD,1,,2PACK,0,0,caja,0,0,TONEL,0,0,BLOQUE,0,0,OFERTA DE 3,0,0,Botella,0,0,MANGAS,0,0,CIENTO,0,0,DOCENA,0,0,Blister de 10 pastillas,0,0,KILO,0,0,MEDIA DOCENA,0,0,LIBRA,0,0,MEDIO KITAL,0,0,ROLLO,0,0,CARTON,0,0,paquete,0,0,ARROBA,0,0,CUBETAZO DE 6 CERVEZAS,0,0,0,1,2026/07/28 13:01,2026/07/28 13:01,0,NO,NO,SI,SI,0,0,0,0,0,0,0,0,0,0,0,.,0
177,177,4,34,0,0,10,0,,,0,0,0,0,0,0,0,0,0,0,UNIDAD,1,,2PACK,0,0,caja,0,0,TONEL,0,0,BLOQUE,0,0,OFERTA DE 3,0,0,Botella,0,0,MANGAS,0,0,CIENTO,0,0,DOCENA,0,0,Blister de 10 pastillas,0,0,KILO,0,0,MEDIA DOCENA,0,0,LIBRA,0,0,MEDIO KITAL,0,0,ROLLO,0,0,CARTON,0,0,paquete,0,0,ARROBA,0,0,CUBETAZO DE 6 CERVEZAS,0,0,0,1,2026/07/28 13:01,2026/07/28 13:01,0,NO,NO,SI,SI,0,0,0,0,0,0,0,0,0,0,0,.,0
178,178,4,34,0,0,10,0,,,0,0,0,0,0,0,0,0,0,0,UNIDAD,1,,2PACK,0,0,caja,0,0,TONEL,0,0,BLOQUE,0,0,OFERTA DE 3,0,0,Botella,0,0,MANGAS,0,0,CIENTO,0,0,DOCENA,0,0,Blister de 10 pastillas,0,0,KILO,0,0,MEDIA DOCENA,0,0,LIBRA,0,0,MEDIO KITAL,0,0,ROLLO,0,0,CARTON,0,0,paquete,0,0,ARROBA,0,0,CUBETAZO DE 6 CERVEZAS,0,0,0,1,2026/07/28 13:01,2026/07/28 13:01,0,NO,NO,SI,SI,0,0,0,0,0,0,0,0,0,0,0,.,0
179,179,4,34,0,0,10,0,,,0,0,0,0,0,0,0,0,0,0,UNIDAD,1,,2PACK,0,0,caja,0,0,TONEL,0,0,BLOQUE,0,0,OFERTA DE 3,0,0,Botella,0,0,MANGAS,0,0,CIENTO,0,0,DOCENA,0,0,Blister de 10 pastillas,0,0,KILO,0,0,MEDIA DOCENA,0,0,LIBRA,0,0,MEDIO KITAL,0,0,ROLLO,0,0,CARTON,0,0,paquete,0,0,ARROBA,0,0,CUBETAZO DE 6 CERVEZAS,0,0,0,1,2026/07/28 13:01,2026/07/28 13:01,0,NO,NO,SI,SI,0,0,0,0,0,0,0,0,0,0,0,.,0
180,180,4,34,0,0,10,0,,,0,0,0,0,0,0,0,0,0,0,UNIDAD,1,,2PACK,0,0,caja,0,0,TONEL,0,0,BLOQUE,0,0,OFERTA DE 3,0,0,Botella,0,0,MANGAS,0,0,CIENTO,0,0,DOCENA,0,0,Blister de 10 pastillas,0,0,KILO,0,0,MEDIA DOCENA,0,0,LIBRA,0,0,MEDIO KITAL,0,0,ROLLO,0,0,CARTON,0,0,paquete,0,0,ARROBA,0,0,CUBETAZO DE 6 CERVEZAS,0,0,0,1,2026/07/28 13:01,2026/07/28 13:01,0,NO,NO,SI,SI,0,0,0,0,0,0,0,0,0,0,0,.,0
181,181,4,34,0,0,10,0,,,0,0,0,0,0,0,0,0,0,0,UNIDAD,1,,2PACK,0,0,caja,0,0,TONEL,0,0,BLOQUE,0,0,OFERTA DE 3,0,0,Botella,0,0,MANGAS,0,0,CIENTO,0,0,DOCENA,0,0,Blister de 10 pastillas,0,0,KILO,0,0,MEDIA DOCENA,0,0,LIBRA,0,0,MEDIO KITAL,0,0,ROLLO,0,0,CARTON,0,0,paquete,0,0,ARROBA,0,0,CUBETAZO DE 6 CERVEZAS,0,0,0,1,2026/07/28 13:01,2026/07/28 13:01,0,NO,NO,SI,SI,0,0,0,0,0,0,0,0,0,0,0,.,0
182,182,4,34,0,0,10,0,,,0,0,0,0,0,0,0,0,0,0,UNIDAD,1,,2PACK,0,0,caja,0,0,TONEL,0,0,BLOQUE,0,0,OFERTA DE 3,0,0,Botella,0,0,MANGAS,0,0,CIENTO,0,0,DOCENA,0,0,Blister de 10 pastillas,0,0,KILO,0,0,MEDIA DOCENA,0,0,LIBRA,0,0,MEDIO KITAL,0,0,ROLLO,0,0,CARTON,0,0,paquete,0,0,ARROBA,0,0,CUBETAZO DE 6 CERVEZAS,0,0,0,1,2026/07/28 13:01,2026/07/28 13:01,0,NO,NO,SI,SI,0,0,0,0,0,0,0,0,0,0,0,.,0
183,183,4,34,0,0,10,0,,,0,0,0,0,0,0,0,0,0,0,UNIDAD,1,,2PACK,0,0,caja,0,0,TONEL,0,0,BLOQUE,0,0,OFERTA DE 3,0,0,Botella,0,0,MANGAS,0,0,CIENTO,0,0,DOCENA,0,0,Blister de 10 pastillas,0,0,KILO,0,0,MEDIA DOCENA,0,0,LIBRA,0,0,MEDIO KITAL,0,0,ROLLO,0,0,CARTON,0,0,paquete,0,0,ARROBA,0,0,CUBETAZO DE 6 CERVEZAS,0,0,0,1,2026/07/28 13:01,2026/07/28 13:01,0,NO,NO,SI,SI,0,0,0,0,0,0,0,0,0,0,0,.,0
184,184,4,34,0,0,10,0,,,0,0,0,0,0,0,0,0,0,0,UNIDAD,1,,2PACK,0,0,caja,0,0,TONEL,0,0,BLOQUE,0,0,OFERTA DE 3,0,0,Botella,0,0,MANGAS,0,0,CIENTO,0,0,DOCENA,0,0,Blister de 10 pastillas,0,0,KILO,0,0,MEDIA DOCENA,0,0,LIBRA,0,0,MEDIO KITAL,0,0,ROLLO,0,0,CARTON,0,0,paquete,0,0,ARROBA,0,0,CUBETAZO DE 6 CERVEZAS,0,0,0,1,2026/07/28 13:01,2026/07/28 13:01,0,NO,NO,SI,SI,0,0,0,0,0,0,0,0,0,0,0,.,0
185,185,4,34,0,0,10,0,,,0,0,0,0,0,0,0,0,0,0,UNIDAD,1,,2PACK,0,0,caja,0,0,TONEL,0,0,BLOQUE,0,0,OFERTA DE 3,0,0,Botella,0,0,MANGAS,0,0,CIENTO,0,0,DOCENA,0,0,Blister de 10 pastillas,0,0,KILO,0,0,MEDIA DOCENA,0,0,LIBRA,0,0,MEDIO KITAL,0,0,ROLLO,0,0,CARTON,0,0,paquete,0,0,ARROBA,0,0,CUBETAZO DE 6 CERVEZAS,0,0,0,1,2026/07/28 13:01,2026/07/28 13:01,0,NO,NO,SI,SI,0,0,0,0,0,0,0,0,0,0,0,.,0
186,186,4,34,0,0,10,0,,,0,0,0,0,0,0,0,0,0,0,UNIDAD,1,,2PACK,0,0,caja,0,0,TONEL,0,0,BLOQUE,0,0,OFERTA DE 3,0,0,Botella,0,0,MANGAS,0,0,CIENTO,0,0,DOCENA,0,0,Blister de 10 pastillas,0,0,KILO,0,0,MEDIA DOCENA,0,0,LIBRA,0,0,MEDIO KITAL,0,0,ROLLO,0,0,CARTON,0,0,paquete,0,0,ARROBA,0,0,CUBETAZO DE 6 CERVEZAS,0,0,0,1,2026/07/28 13:01,2026/07/28 13:01,0,NO,NO,SI,SI,0,0,0,0,0,0,0,0,0,0,0,.,0
187,187,4,34,0,0,10,0,,,0,0,0,0,0,0,0,0,0,0,UNIDAD,1,,2PACK,0,0,caja,0,0,TONEL,0,0,BLOQUE,0,0,OFERTA DE 3,0,0,Botella,0,0,MANGAS,0,0,CIENTO,0,0,DOCENA,0,0,Blister de 10 pastillas,0,0,KILO,0,0,MEDIA DOCENA,0,0,LIBRA,0,0,MEDIO KITAL,0,0,ROLLO,0,0,CARTON,0,0,paquete,0,0,ARROBA,0,0,CUBETAZO DE 6 CERVEZAS,0,0,0,1,2026/07/28 13:01,2026/07/28 13:01,0,NO,NO,SI,SI,0,0,0,0,0,0,0,0,0,0,0,.,0
188,188,4,34,0,0,10,0,,,0,0,0,0,0,0,0,0,0,0,UNIDAD,1,,2PACK,0,0,caja,0,0,TONEL,0,0,BLOQUE,0,0,OFERTA DE 3,0,0,Botella,0,0,MANGAS,0,0,CIENTO,0,0,DOCENA,0,0,Blister de 10 pastillas,0,0,KILO,0,0,MEDIA DOCENA,0,0,LIBRA,0,0,MEDIO KITAL,0,0,ROLLO,0,0,CARTON,0,0,paquete,0,0,ARROBA,0,0,CUBETAZO DE 6 CERVEZAS,0,0,0,1,2026/07/28 13:01,2026/07/28 13:01,0,NO,NO,SI,SI,0,0,0,0,0,0,0,0,0,0,0,.,0
189,189,4,34,0,0,10,0,,,0,0,0,0,0,0,0,0,0,0,UNIDAD,1,,2PACK,0,0,caja,0,0,TONEL,0,0,BLOQUE,0,0,OFERTA DE 3,0,0,Botella,0,0,MANGAS,0,0,CIENTO,0,0,DOCENA,0,0,Blister de 10 pastillas,0,0,KILO,0,0,MEDIA DOCENA,0,0,LIBRA,0,0,MEDIO KITAL,0,0,ROLLO,0,0,CARTON,0,0,paquete,0,0,ARROBA,0,0,CUBETAZO DE 6 CERVEZAS,0,0,0,1,2026/07/28 13:01,2026/07/28 13:01,0,NO,NO,SI,SI,0,0,0,0,0,0,0,0,0,0,0,.,0
