idarticulo,categoria,idsubcategoria,idmarca,idlinea,idempresa,codigo,Nombre Sat,ano_de,ano_a,stock,stockminimo,Descripcion,imagen,condicion,pc,precio_venta_oferta,descuento_porcentaje,precio_descuento,pocerntaje_precio_mayorista,precio_mayorista,pocerntaje_precio_minorista,precio_minorista,pocerntaje_precio_menudeo,precio_menudeo,peso_producto,tipo_producto,idusuario,idsucursal,pc,aplica_comision,fecha_creacion,fecha_modificacion,idusuario_update,facturar_cero,descripcion_2,tipo_descuento,crearArticuloSucursal,meta_titulo,meta_descripcion,meta_keywords,descripcion_articulo,tipo_promocion
2,1,1,0,0,0,AF,AFRECHO,,0,0,0,AFRECHO ,0,1,145,0,0,0,0,0,0,0,0,0,0,Productos,34,0,145,SI,0,0,0,SI,0,0,Una,0,0,0,0,NO
3,1,1,0,0,0,HA,HARINA DE ALMENDRA,,0,0,0,H ALMENDRA,0,1,50,0,0,0,0,0,0,0,0,0,0,Productos,34,0,50,SI,0,0,0,SI,0,0,Una,0,0,0,0,NO
4,1,1,0,0,0,HAL,H Alpan,,0,0,0,HAL,0,1,270,0,0,0,0,0,0,0,0,0,0,Productos,34,0,270,SI,0,0,0,SI,0,0,Una,0,0,0,0,NO
5,1,1,0,0,0,HAZ,H DE ARROZ,,0,0,0,H ARROZ,0,1,100,0,0,0,0,0,0,0,0,0,0,Productos,34,0,100,SI,0,0,0,SI,0,0,Una,0,0,0,0,NO
6,1,1,0,0,0,HB,H BATIDOS,,0,0,0,HB,0,1,285.5,0,0,0,0,0,0,0,0,0,0,Productos,34,0,285.5,SI,0,0,0,SI,0,0,Una,0,0,0,0,NO
7,1,1,0,0,0,HBR,H BOLA ROJA,,0,0,0,HBR,0,1,224.5,0,0,0,0,0,0,0,0,0,0,Productos,34,0,224.5,SI,0,0,0,SI,0,0,Una,0,0,0,0,NO
8,1,1,0,0,0,HC,H COUNTRY,,0,0,0,HC,0,1,265,0,0,0,0,0,0,0,0,0,0,Productos,34,0,265,SI,0,0,0,SI,0,0,Una,0,0,0,0,NO
9,1,1,0,0,0,HD,H DAMA,,0,0,0,HD DURA,0,1,301.25,0,0,0,0,0,0,0,0,0,0,Productos,34,0,301.25,SI,0,0,0,SI,0,0,Una,0,0,0,0,NO
10,1,1,0,0,0,HDR,H Dama R,,0,0,0,H D R,0,1,300.5,0,0,0,0,0,0,0,0,0,0,Productos,34,0,300.5,SI,0,0,0,SI,0,0,Una,0,0,0,0,NO
11,1,1,0,0,0,HEP,H EL PANADERO,,0,0,0,H E P,0,1,242,0,0,0,0,0,0,0,0,0,0,Productos,34,0,242,SI,0,0,0,SI,0,0,Una,0,0,0,0,NO
12,1,1,0,0,0,HF,H Fortaleza,,0,0,0,H Fortaleza,0,1,321.5,0,0,0,0,0,0,0,0,0,0,Productos,34,0,321.5,SI,0,0,0,SI,0,0,Una,0,0,0,0,NO
13,1,1,0,0,0,HFA,H Faisan,,0,0,0,H FA,0,1,216,0,0,0,0,0,0,0,0,0,0,Productos,34,0,216,SI,0,0,0,SI,0,0,Una,0,0,0,0,NO
14,1,1,0,0,0,HG,H GOLONDRINA,,0,0,0,HG,0,1,333.5,0,0,0,0,0,0,0,0,0,0,Productos,34,0,333.5,SI,0,0,0,SI,0,0,Una,0,0,0,0,NO
15,1,1,0,0,0,HGA,H Gallo,,0,0,0,HGA,0,1,310,0,0,0,0,0,0,0,0,0,0,Productos,34,0,310,SI,0,0,0,SI,0,0,Una,0,0,0,0,NO
16,1,1,0,0,0,HH,H HOJALDRE,,0,0,0,HH,0,1,391.5,0,0,0,0,0,0,0,0,0,0,Productos,34,0,391.5,SI,0,0,0,SI,0,0,Una,0,0,0,0,NO
17,1,1,0,0,0,HHM,H HARIMASA,,0,0,0,HHM,0,1,283.93,0,0,0,0,0,0,0,0,0,0,Productos,34,0,283.93,SI,0,0,0,SI,0,0,Una,0,0,0,0,NO
18,1,1,0,0,0,HHMS,H HARIMASA SUAVE,,0,0,0,HHMS,0,1,263.39,0,0,0,0,0,0,0,0,0,0,Productos,34,0,263.39,SI,0,0,0,SI,0,0,Una,0,0,0,0,NO
19,1,1,0,0,0,HI,H integral,,0,0,0,HI,0,1,86.5,0,0,0,0,0,0,0,0,0,0,Productos,34,0,86.5,SI,0,0,0,SI,0,0,Una,0,0,0,0,NO
20,1,1,0,0,0,HIM,H INTEGRAL MOLSA,,0,0,0,HIM,0,1,321.5,0,0,0,0,0,0,0,0,0,0,Productos,34,0,321.5,SI,0,0,0,SI,0,0,Una,0,0,0,0,NO
21,1,1,0,0,0,HOV,H Oro v.,,0,0,0,H ORO VERDE,0,1,212,0,0,0,0,0,0,0,0,0,0,Productos,34,0,212,SI,0,0,0,SI,0,0,Una,0,0,0,0,NO
22,1,1,0,0,0,HP,H PANADERA,,0,0,0,HP,0,1,292,0,0,0,0,0,0,0,0,0,0,Productos,34,0,292,SI,0,0,0,SI,0,0,Una,0,0,0,0,NO
23,1,1,0,0,0,HSALPOR,H. DE SALPOR,,0,0,0,H. DE SALPOR,0,1,100,0,0,0,0,0,0,0,0,0,0,Productos,34,0,100,SI,0,0,0,SI,0,0,Una,0,0,0,0,NO
24,1,1,0,0,0,HS,H SOL DURA,,0,0,0,HS DURA,0,1,327,0,0,0,0,0,0,0,0,0,0,Productos,34,0,327,SI,0,0,0,SI,0,0,Una,0,0,0,0,NO
25,1,1,0,0,0,HSS,H Sol s,,0,0,0,HS SUAVE,0,1,303,0,0,0,0,0,0,0,0,0,0,Productos,34,0,303,SI,0,0,0,SI,0,0,Una,0,0,0,0,NO
26,1,1,0,0,0,HTH,H THESEUS,,0,0,0,HTH,0,1,233,0,0,0,0,0,0,0,0,0,0,Productos,34,0,233,SI,0,0,0,SI,0,0,Una,0,0,0,0,NO
27,1,1,0,0,0,HTS,H Trigueña S,,0,0,0,HT SUAVE,0,1,276.5,0,0,0,0,0,0,0,0,0,0,Productos,34,0,276.5,SI,0,0,0,SI,0,0,Una,0,0,0,0,NO
28,1,1,0,0,0,HTV,H TRIGUEÑA VERDE,,0,0,0,HTV,0,1,276.5,0,0,0,0,0,0,0,0,0,0,Productos,34,0,276.5,SI,0,0,0,SI,0,0,Una,0,0,0,0,NO
29,1,1,0,0,0,HV,Harina Virgen,,0,0,0,HV DURA,0,1,338,0,0,0,0,0,0,0,0,0,0,Productos,34,0,338,SI,0,0,0,SI,0,0,Una,0,0,0,0,NO
30,1,1,0,0,0,L,LEVADURA,,0,0,0,LEVADURA,0,1,8.86,0,0,0,0,0,0,0,0,0,0,Productos,34,0,8.86,SI,0,0,0,SI,0,0,Una,0,0,0,0,NO
31,1,1,0,0,0,M27,MANTECA COSTEÑA,,0,0,0,M27,0,1,0,0,0,0,0,0,0,0,0,0,0,Productos,34,0,0,SI,0,0,0,SI,0,0,Una,0,0,0,0,NO
32,1,1,0,0,0,M27CR,M27CR,,0,0,0,M27CR,0,1,0,0,0,0,0,0,0,0,0,0,0,Productos,34,0,0,SI,0,0,0,SI,0,0,Una,0,0,0,0,NO
33,1,1,0,0,0,M27O,M27 ORO,,0,0,0,M27O,0,1,190,0,0,0,0,0,0,0,0,0,0,Productos,34,0,190,SI,0,0,0,SI,0,0,Una,0,0,0,0,NO
34,1,1,0,0,0,M27OL,M27 OL,,0,0,0,M27OL,0,1,215.81,0,0,0,0,0,0,0,0,0,0,Productos,34,0,215.81,SI,0,0,0,SI,0,0,Una,0,0,0,0,NO
35,1,1,0,0,0,M27S,M27S CLARA,,0,0,0,M27S,0,1,195,0,0,0,0,0,0,0,0,0,0,Productos,34,0,195,SI,0,0,0,SI,0,0,Una,0,0,0,0,NO
36,1,1,0,0,0,MCH,MARG CAPULLO HOJALDRE,,0,0,0,MCH,0,1,172,0,0,0,0,0,0,0,0,0,0,Productos,34,0,172,SI,0,0,0,SI,0,0,Una,0,0,0,0,NO
37,1,1,0,0,0,MCPAN,M Capullo,,0,0,0,MCPAN,0,1,196,0,0,0,0,0,0,0,0,0,0,Productos,34,0,196,SI,0,0,0,SI,0,0,Una,0,0,0,0,NO
38,1,1,0,0,0,MIO,Marg Ind.,,0,0,0,MIO,0,1,255.63,0,0,0,0,0,0,0,0,0,0,Productos,34,0,255.63,SI,0,0,0,SI,0,0,Una,0,0,0,0,NO
39,1,1,0,0,0,MISOL,MI SOL,,0,0,0,MISOL,0,1,200,0,0,0,0,0,0,0,0,0,0,Productos,34,0,200,SI,0,0,0,SI,0,0,Una,0,0,0,0,NO
40,1,1,0,0,0,MOH,MO HOJ,,0,0,0,MOH,0,1,260.89,0,0,0,0,0,0,0,0,0,0,Productos,34,0,260.89,SI,0,0,0,SI,0,0,Una,0,0,0,0,NO
41,1,1,0,0,0,MOP,Marg Olmeca Rep/ Past,,0,0,0,MOP,0,1,260.93,0,0,0,0,0,0,0,0,0,0,Productos,34,0,260.93,SI,0,0,0,SI,0,0,Una,0,0,0,0,NO
42,1,1,0,0,0,RFL,ROYAL FLEISCHMANN,,0,0,0,RFL  ,0,1,0,0,0,0,0,0,0,0,0,0,0,Productos,34,0,0,SI,0,0,0,SI,0,0,Una,0,0,0,0,NO
43,1,1,0,0,0,RH,ROYAL HILLMAN,,0,0,0,RH,0,1,14.5,0,0,0,0,0,0,0,0,0,0,Productos,34,0,14.5,SI,0,0,0,SI,0,0,Una,0,0,0,0,NO
44,1,1,0,0,0,RT,ROYAL TIGRE,,0,0,0,RT ,0,1,16.5,0,0,0,0,0,0,0,0,0,0,Productos,34,0,16.5,SI,0,0,0,SI,0,0,Una,0,0,0,0,NO
45,1,1,0,0,0,SAL,SAL Agranel qq,,0,0,0,SAL  qq,0,1,100,0,0,0,0,0,0,0,0,0,0,Productos,34,0,100,SI,0,0,0,SI,0,0,Una,0,0,0,0,NO
46,1,1,0,0,0,SALOTA,Salota,,0,0,0,@ SALOTA,0,1,26,0,0,0,0,0,0,0,0,0,0,Productos,34,0,26,SI,0,0,0,SI,0,0,Una,0,0,0,0,NO
47,2,1,0,0,0,A3000,Aceite 3000 ML,,0,0,0,AC 3000 ML,0,1,0,0,0,0,0,0,0,0,0,0,0,Productos,34,0,0,SI,0,0,0,SI,0,0,Una,0,0,0,0,NO
48,2,1,0,0,0,A400,Aceite 400 ML,,0,0,0,AC 400 ML,0,1,0,0,0,0,0,0,0,0,0,0,0,Productos,34,0,0,SI,0,0,0,SI,0,0,Una,0,0,0,0,NO
49,2,1,0,0,0,A750,Aceite 750 ML,,0,0,0,AC 750 ML,0,1,0,0,0,0,0,0,0,0,0,0,0,Productos,34,0,0,SI,0,0,0,SI,0,0,Una,0,0,0,0,NO
50,2,1,0,0,0,AC,ACEITE CANECA  ,,0,0,0,AC  CANECA,0,1,0,0,0,0,0,0,0,0,0,0,0,Productos,34,0,0,SI,0,0,0,SI,0,0,Una,0,0,0,0,NO
51,2,1,0,0,0,AJB,Ajonjoli Blanco,,0,0,0,Ajonjoli LB,0,1,10.25,0,0,0,0,0,0,0,0,0,0,Productos,34,0,10.25,SI,0,0,0,SI,0,0,Una,0,0,0,0,NO
52,2,1,0,0,0,ANILB,ANIS LIBRA,,0,0,0,ANIS LB,0,1,23,0,0,0,0,0,0,0,0,0,0,Productos,34,0,23,SI,0,0,0,SI,0,0,Una,0,0,0,0,NO
53,2,1,0,0,0,ANL,ANIS LITRO,,0,0,0,ANIS LT,0,1,0,0,0,0,0,0,0,0,0,0,0,Productos,34,0,0,SI,0,0,0,SI,0,0,Una,0,0,0,0,NO
54,2,1,0,0,0,AZG,AZUCAR GLASS @ TRANEX,,0,0,0,AZUCAR GLASS C,0,1,114,0,0,0,0,0,0,0,0,0,0,Productos,34,0,114,SI,0,0,0,SI,0,0,Una,0,0,0,0,NO
55,2,1,0,0,0,AZG3A,AZUCAR GLASS AAA,,0,0,0,AZUCAR GLASS AAA,0,1,145,0,0,0,0,0,0,0,0,0,0,Productos,34,0,145,SI,0,0,0,SI,0,0,Una,0,0,0,0,NO
56,2,1,0,0,0,BL,BANANO LITRO,,0,0,0,BANANO LT,0,1,20.72,0,0,0,0,0,0,0,0,0,0,Productos,34,0,20.72,SI,0,0,0,SI,0,0,Una,0,0,0,0,NO
57,2,1,0,0,0,CAG,CREMA AMARILLA GALON,,0,0,0,CREMA AMARILLA GL,0,1,64.11,0,0,0,0,0,0,0,0,0,0,Productos,34,0,64.11,SI,0,0,0,SI,0,0,Una,0,0,0,0,NO
58,2,1,0,0,0,CAL,CREMA AMARILLA CONCENTRADA LITRO,,0,0,0,CREMA AMA CONCEN LT,0,1,22.1,0,0,0,0,0,0,0,0,0,0,Productos,34,0,22.1,SI,0,0,0,SI,0,0,Una,0,0,0,0,NO
59,2,1,0,0,0,CAP,Ambiante,,0,0,0,AMBIANTE LT,0,1,28.26,0,0,0,0,0,0,0,0,0,0,Productos,34,0,28.26,SI,0,0,0,SI,0,0,Una,0,0,0,0,NO
60,2,1,0,0,0,CAPCH,AMBIANTE CHOCOLATE,,0,0,0,AMBIANTE CHOCO,0,1,0,0,0,0,0,0,0,0,0,0,0,Productos,34,0,0,SI,0,0,0,SI,0,0,Una,0,0,0,0,NO
61,2,1,0,0,0,CAPP,AMBIANTE PASSIONATA,,0,0,0,AMBIANTE PASS,0,1,0,0,0,0,0,0,0,0,0,0,0,Productos,34,0,0,SI,0,0,0,SI,0,0,Una,0,0,0,0,NO
62,2,1,0,0,0,CARAT,FICHAS DE CHOCOLATE EXTRA DARK,,0,0,0,FICHAS DE CHOCOLATE,0,1,0,0,0,0,0,0,0,0,0,0,0,Productos,34,0,0,SI,0,0,0,SI,0,0,Una,0,0,0,0,NO
63,2,1,0,0,0,CARATG,COVER GOTA,,0,0,0,GOTAS DE CHOCOLATE,0,1,0,0,0,0,0,0,0,0,0,0,0,Productos,34,0,0,SI,0,0,0,SI,0,0,Una,0,0,0,0,NO
64,2,1,0,0,0,CC,CHISPAS DE CHOCOLATE,,0,0,0,CHISPAS DE CHOCO LB,0,1,30.25,0,0,0,0,0,0,0,0,0,0,Productos,34,0,30.25,SI,0,0,0,SI,0,0,Una,0,0,0,0,NO
65,2,1,0,0,0,CCL,COCO LITRO,,0,0,0,COCO LT,0,1,0,0,0,0,0,0,0,0,0,0,0,Productos,34,0,0,SI,0,0,0,SI,0,0,Una,0,0,0,0,NO
66,2,1,0,0,0,CCM,MINIGOTITAS CHOCO GAMAR,,0,0,0,MINIGOTITAS CHOCO,0,1,30.25,0,0,0,0,0,0,0,0,0,0,Productos,34,0,30.25,SI,0,0,0,SI,0,0,Una,0,0,0,0,NO
67,2,1,0,0,0,CHM,CH MELHER,,0,0,0,CHOCO MELHER,0,1,9.52,0,0,0,0,0,0,0,0,0,0,Productos,34,0,9.52,SI,0,0,0,SI,0,0,Una,0,0,0,0,NO
68,2,1,0,0,0,CMAS,MASS CREAM 1KL,,0,0,0,CREMA MASS,0,1,0,0,0,0,0,0,0,0,0,0,0,Productos,34,0,0,SI,0,0,0,SI,0,0,Una,0,0,0,0,NO
69,2,1,0,0,0,COCOA,COCOA AMARGA 1 LIBRA,,0,0,0,COCOA MARGA LB,0,1,70,0,0,0,0,0,0,0,0,0,0,Productos,34,0,70,SI,0,0,0,SI,0,0,Una,0,0,0,0,NO
70,2,1,0,0,0,CPL,CANELA EN POLVO  LB,,0,0,0,CANELA LB,0,1,16.5,0,0,0,0,0,0,0,0,0,0,Productos,34,0,16.5,SI,0,0,0,SI,0,0,Una,0,0,0,0,NO
71,2,1,0,0,0,CPM,Crema Past Gelfic,,0,0,0,Crema pastelera GELFIC,0,1,0,0,0,0,0,0,0,0,0,0,0,Productos,34,0,0,SI,0,0,0,SI,0,0,Una,0,0,0,0,NO
72,2,1,0,0,0,CR,COCO RAYADO,,0,0,0,COCO RAYADO LB,0,1,27.5,0,0,0,0,0,0,0,0,0,0,Productos,34,0,27.5,SI,0,0,0,SI,0,0,Una,0,0,0,0,NO
73,2,1,0,0,0,FCL,FRUTA CRISTALIZADA LIBRA,,0,0,0,FRUTA CRISTALIZADA LB,0,1,15,0,0,0,0,0,0,0,0,0,0,Productos,34,0,15,SI,0,0,0,SI,0,0,Una,0,0,0,0,NO
74,2,1,0,0,0,FL,FRESA LITRO,,0,0,0,FRESA LT,0,1,0,0,0,0,0,0,0,0,0,0,0,Productos,34,0,0,SI,0,0,0,SI,0,0,Una,0,0,0,0,NO
75,2,1,0,0,0,HUG,HUEVO GALON,,0,0,0,HUG,0,1,67.61,0,0,0,0,0,0,0,0,0,0,Productos,34,0,67.61,SI,0,0,0,SI,0,0,Una,0,0,0,0,NO
76,2,1,0,0,0,JCH,JARABE SABOR CHOCOLATE MANGA,,0,0,0,JARABE CHOCO,0,1,26.64,0,0,0,0,0,0,0,0,0,0,Productos,34,0,26.64,SI,0,0,0,SI,0,0,Una,0,0,0,0,NO
77,2,1,0,0,0,LE,LECHE EN POLVO LIBRA,,0,0,0,LECHE LB,0,1,12.88,0,0,0,0,0,0,0,0,0,0,Productos,34,0,12.88,SI,0,0,0,SI,0,0,Una,0,0,0,0,NO
78,2,1,0,0,0,LIN,LEVADURA INSTANTANEA,,0,0,0,LIN,0,1,22,0,0,0,0,0,0,0,0,0,0,Productos,34,0,22,SI,0,0,0,SI,0,0,Una,0,0,0,0,NO
79,2,1,0,0,0,MCPSA,Crema pastelera,,0,0,0,CREMA PASTELERA,0,1,11.85,0,0,0,0,0,0,0,0,0,0,Productos,34,0,11.85,SI,0,0,0,SI,0,0,Una,0,0,0,0,NO
80,2,1,0,0,0,MCPE,Crema Pastelera Estrali,,0,0,0,Relleno crema E,0,1,14.85,0,0,0,0,0,0,0,0,0,0,Productos,34,0,14.85,SI,0,0,0,SI,0,0,Una,0,0,0,0,NO
81,2,1,0,0,0,MGAN,MANGA GLAZE ASTURIAS NEUTRO,,0,0,0,MANGA GLAZE A NEUTRO,0,1,0,0,0,0,0,0,0,0,0,0,0,Productos,34,0,0,SI,0,0,0,SI,0,0,Una,0,0,0,0,NO
82,2,1,0,0,0,MGAV,"Manga Glaze Asturias fresa, piña",,0,0,0,"Manga Glaze A fresa, piña",0,1,0,0,0,0,0,0,0,0,0,0,0,Productos,34,0,0,SI,0,0,0,SI,0,0,Una,0,0,0,0,NO
83,2,1,0,0,0,MGVSA,"Glaze fresa, piña",,0,0,0,"GLAZE FRESA, Piña  SA",0,1,11.95,0,0,0,0,0,0,0,0,0,0,Productos,34,0,11.95,SI,0,0,0,SI,0,0,Una,0,0,0,0,NO
84,2,1,0,0,0,MGVE,Manga Glaze fresa  ESTRALI,,0,0,0,"Glaze Fresa, Piña E.",0,1,14.75,0,0,0,0,0,0,0,0,0,0,Productos,34,0,14.75,SI,0,0,0,SI,0,0,Una,0,0,0,0,NO
85,2,1,0,0,0,MLZ,MELAZA GALON,,0,0,0,MELAZA GALON,0,1,0,0,0,0,0,0,0,0,0,0,0,Productos,34,0,0,SI,0,0,0,SI,0,0,Una,0,0,0,0,NO
86,2,1,0,0,0,MMPAN,MEJORADOR DE PAN,,0,0,0,MMPAN,0,1,10.64,0,0,0,0,0,0,0,0,0,0,Productos,34,0,10.64,SI,0,0,0,SI,0,0,Una,0,0,0,0,NO
87,2,1,0,0,0,MMVI,"Mermelada varias Fresa, Piña, Man VIÑAS",,0,0,0,MERMELADA  VI,0,1,15.35,0,0,0,0,0,0,0,0,0,0,Productos,34,0,15.35,SI,0,0,0,SI,0,0,Una,0,0,0,0,NO
88,2,1,0,0,0,MMSA,"Mermelada varias Fresa, Piña  SAN ANTONIO",,0,0,0,MERMELADA  SA,0,1,14.75,0,0,0,0,0,0,0,0,0,0,Productos,34,0,14.75,SI,0,0,0,SI,0,0,Una,0,0,0,0,NO
89,2,1,0,0,0,MME,Mermelada varias Fresa Piña ESTRALI,,0,0,0,MERMELADA  E,0,1,16.2,0,0,0,0,0,0,0,0,0,0,Productos,34,0,16.2,SI,0,0,0,SI,0,0,Una,0,0,0,0,NO
90,2,1,0,0,0,MN1,MOLDE # 1,,0,0,0,MOLDE # 1,0,1,8.6,0,0,0,0,0,0,0,0,0,0,Productos,34,0,8.6,SI,0,0,0,SI,0,0,Una,0,0,0,0,NO
91,2,1,0,0,0,MN2,MOLDE # 2,,0,0,0,MOLDE # 2,0,1,0,0,0,0,0,0,0,0,0,0,0,Productos,34,0,0,SI,0,0,0,SI,0,0,Una,0,0,0,0,NO
92,2,1,0,0,0,MN3,MOLDE # 3,,0,0,0,MOLDE # 3,0,1,11.25,0,0,0,0,0,0,0,0,0,0,Productos,34,0,11.25,SI,0,0,0,SI,0,0,Una,0,0,0,0,NO
93,2,1,0,0,0,MN4,MOLDE NUMERO 4,,0,0,0,MOLDE # 4,0,1,11.3,0,0,0,0,0,0,0,0,0,0,Productos,34,0,11.3,SI,0,0,0,SI,0,0,Una,0,0,0,0,NO
94,2,1,0,0,0,MN5,MOLDE # 5,,0,0,0,MOLDE # 5,0,1,12.45,0,0,0,0,0,0,0,0,0,0,Productos,34,0,12.45,SI,0,0,0,SI,0,0,Una,0,0,0,0,NO
95,2,1,0,0,0,MN5R,"MOLDE NUMERO 5 ROJO, CAFE",,0,0,0,MOLDE # 5 R,0,1,0,0,0,0,0,0,0,0,0,0,0,Productos,34,0,0,SI,0,0,0,SI,0,0,Una,0,0,0,0,NO
96,2,1,0,0,0,MOSB,MOSTACILLA O ANISILLO,,0,0,0,MOS BOLITA LB,0,1,12.1,0,0,0,0,0,0,0,0,0,0,Productos,34,0,12.1,SI,0,0,0,SI,0,0,Una,0,0,0,0,NO
97,2,1,0,0,0,MOSP,ANICILLO DE PALITOS,,0,0,0,ANICILLO PALITO LB,0,1,0,0,0,0,0,0,0,0,0,0,0,Productos,34,0,0,SI,0,0,0,SI,0,0,Una,0,0,0,0,NO
98,2,1,0,0,0,MT1,MANTECA TUBO 1 LIBRA,,0,0,0,MAN TUBO LB,0,1,8.52,0,0,0,0,0,0,0,0,0,0,Productos,34,0,8.52,SI,0,0,0,SI,0,0,Una,0,0,0,0,NO
99,2,1,0,0,0,MZ,MAIZENA,,0,0,0,MAIZENA LB,0,1,3.18,0,0,0,0,0,0,0,0,0,0,Productos,34,0,3.18,SI,0,0,0,SI,0,0,Una,0,0,0,0,NO
100,2,1,0,0,0,NL,NARANJA LITRO,,0,0,0,NARANJA LT,0,1,33.45,0,0,0,0,0,0,0,0,0,0,Productos,34,0,33.45,SI,0,0,0,SI,0,0,Una,0,0,0,0,NO
101,2,1,0,0,0,PASAL,PASAS  LB,,0,0,0,PASAS LB,0,1,13.8,0,0,0,0,0,0,0,0,0,0,Productos,34,0,13.8,SI,0,0,0,SI,0,0,Una,0,0,0,0,NO
102,2,1,0,0,0,PHG,PONCHE DE HUEVOS CON. GALON,,0,0,0,PONCHE DE HUEVO CON. GL,0,1,119.12,0,0,0,0,0,0,0,0,0,0,Productos,34,0,119.12,SI,0,0,0,SI,0,0,Una,0,0,0,0,NO
103,2,1,0,0,0,PHL,PONCHE DE H CONCEN LITRO,,0,0,0,PONCHE DE HUEVO CON. LT,0,1,35.57,0,0,0,0,0,0,0,0,0,0,Productos,34,0,35.57,SI,0,0,0,SI,0,0,Una,0,0,0,0,NO
104,2,1,0,0,0,SMLT,SOLUCION MANTEQUILLA LITRO,,0,0,0,SOLU MANTEQUILLA LT,0,1,0,0,0,0,0,0,0,0,0,0,0,Productos,34,0,0,SI,0,0,0,SI,0,0,Una,0,0,0,0,NO
105,2,1,0,0,0,SYDG,SOLU DE YEMAS DOMESTICA GL,,0,0,0,SOLU DE YEMAS DOM GL,0,1,22.46,0,0,0,0,0,0,0,0,0,0,Productos,34,0,22.46,SI,0,0,0,SI,0,0,Una,0,0,0,0,NO
106,2,1,0,0,0,SYDL,SOLU DE YEMAS DOMESTICO LT,,0,0,0,SOLU DE YEMAS DOM LT,0,1,11.18,0,0,0,0,0,0,0,0,0,0,Productos,34,0,11.18,SI,0,0,0,SI,0,0,Una,0,0,0,0,NO
107,2,1,0,0,0,SYG,SOLU DE YEMAS CONCENTRADA GALON,,0,0,0,SOLU  DE YEMAS CON GL,0,1,142.24,0,0,0,0,0,0,0,0,0,0,Productos,34,0,142.24,SI,0,0,0,SI,0,0,Una,0,0,0,0,NO
108,2,1,0,0,0,SYL,SOLU DE YEMAS CONCENTRADA LT,,0,0,0,SOLU DE YEMAS CON LT,0,1,41.69,0,0,0,0,0,0,0,0,0,0,Productos,34,0,41.69,SI,0,0,0,SI,0,0,Una,0,0,0,0,NO
109,2,1,0,0,0,VBDG,VAINILLA BLANCA DOMESTICA GALON,,0,0,0,VAINILLA BLAN  DOM GL,0,1,0,0,0,0,0,0,0,0,0,0,0,Productos,34,0,0,SI,0,0,0,SI,0,0,Una,0,0,0,0,NO
110,2,1,0,0,0,VBDL,VAINILLA BLANCA DOMESTICA LITRO,,0,0,0,VAINILLA BLAN DOM LT,0,1,0,0,0,0,0,0,0,0,0,0,0,Productos,34,0,0,SI,0,0,0,SI,0,0,Una,0,0,0,0,NO
111,2,1,0,0,0,VBG,VAINILLA BLANCA CONCENTRADA GALON,,0,0,0,VAINILLA BLAN CON GL,0,1,120.63,0,0,0,0,0,0,0,0,0,0,Productos,34,0,120.63,SI,0,0,0,SI,0,0,Una,0,0,0,0,NO
112,2,1,0,0,0,VBL,Vainilla Blanca Concent. LT.,,0,0,0,VAINILLA BLAN CON LT,0,1,37.77,0,0,0,0,0,0,0,0,0,0,Productos,34,0,37.77,SI,0,0,0,SI,0,0,Una,0,0,0,0,NO
113,2,1,0,0,0,VOG,VAINILLA OSCURA CONCENTRADA GALON,,0,0,0,VAINILLA OSCURA CON GL,0,1,0,0,0,0,0,0,0,0,0,0,0,Productos,34,0,0,SI,0,0,0,SI,0,0,Una,0,0,0,0,NO
114,2,1,0,0,0,VOL,VAINILLA OSCURA CONCENTRADA LITRO,,0,0,0,VAINILLA OSCURA CON LT,0,1,0,0,0,0,0,0,0,0,0,0,0,Productos,34,0,0,SI,0,0,0,SI,0,0,Una,0,0,0,0,NO
115,3,1,0,0,0,H25,Pre Vainilla Mod.,,0,0,0,Pre Vainilla MM,0,1,225,0,0,0,0,0,0,0,0,0,0,Productos,34,0,225,SI,0,0,0,SI,0,0,Una,0,0,0,0,NO
116,3,1,0,0,0,H25B,Pre Mezc MM BLANCO,,0,0,0,Pre   BLANCO MM,0,1,170,0,0,0,0,0,0,0,0,0,0,Productos,34,0,170,SI,0,0,0,SI,0,0,Una,0,0,0,0,NO
117,3,1,0,0,0,H25CH,PRE CHOCOLATE MODERNOS,,0,0,0,PRE CHOCO  MM,0,1,299,0,0,0,0,0,0,0,0,0,0,Productos,34,0,299,SI,0,0,0,SI,0,0,Una,0,0,0,0,NO
118,3,1,0,0,0,H25ICH,PREME INSA CHOCO,,0,0,0,PREME INSA CHOCO,0,1,0,0,0,0,0,0,0,0,0,0,0,Productos,34,0,0,SI,0,0,0,SI,0,0,Una,0,0,0,0,NO
119,3,1,0,0,0,H25ID,PREME INSA DORADO,,0,0,0,PREME INSA DORADO,0,1,0,0,0,0,0,0,0,0,0,0,0,Productos,34,0,0,SI,0,0,0,SI,0,0,Una,0,0,0,0,NO
120,3,1,0,0,0,PMBRP,PREMEZCLA BRIOCHE PURATOS,,0,0,0,PREMEZCLA BRIOCHE,0,1,0,0,0,0,0,0,0,0,0,0,0,Productos,34,0,0,SI,0,0,0,SI,0,0,Una,0,0,0,0,NO
121,3,1,0,0,0,PMCH,Prem Chocolate Listo Pan,,0,0,0,PRE CHOCO  LP,0,1,222.5,0,0,0,0,0,0,0,0,0,0,Productos,34,0,222.5,SI,0,0,0,SI,0,0,Una,0,0,0,0,NO
122,3,1,0,0,0,PMCHD,PREMEZCLA CREMOSA DE CHOCOLATE DICSA,,0,0,0,PRE CREM DE CHOCO  LB,0,1,12.57,0,0,0,0,0,0,0,0,0,0,Productos,34,0,12.57,SI,0,0,0,SI,0,0,Una,0,0,0,0,NO
123,3,1,0,0,0,PMUCH,PREM CHOCO LB UNIVERSAL,,0,0,0,PRE CHOCO  cream LB ,0,1,9.6,0,0,0,0,0,0,0,0,0,0,Productos,34,0,9.6,SI,0,0,0,SI,0,0,Una,0,0,0,0,NO
124,3,1,0,0,0,PMUV,PREM VAINILLA LB UNIVERSAL,,0,0,0,PRE Vainilla Cream LB,0,1,7.4,0,0,0,0,0,0,0,0,0,0,Productos,34,0,7.4,SI,0,0,0,SI,0,0,Una,0,0,0,0,NO
125,3,1,0,0,0,PMV,Prem Vainilla Listo Pan @,,0,0,0,Prem Vainilla LP,0,1,200,0,0,0,0,0,0,0,0,0,0,Productos,34,0,200,SI,0,0,0,SI,0,0,Una,0,0,0,0,NO
126,3,1,0,0,0,QG,QUESO GALON,,0,0,0,QUESO GALON,0,1,91.6,0,0,0,0,0,0,0,0,0,0,Productos,34,0,91.6,SI,0,0,0,SI,0,0,Una,0,0,0,0,NO
127,3,1,0,0,0,QL,Queso Lt. Cosco,,0,0,0,QUESO LT,0,1,30.91,0,0,0,0,0,0,0,0,0,0,Productos,34,0,30.91,SI,0,0,0,SI,0,0,Una,0,0,0,0,NO
128,5,1,0,0,0,AUS,AZUCAR US,,0,0,0,AZUCAR US,0,1,400,0,0,0,0,0,0,0,0,0,0,Productos,34,0,400,SI,0,0,0,SI,0,0,Una,0,0,0,0,NO
129,5,1,0,0,0,H25CHUS,PRE CHOCOLATE USPANTAN,,0,0,0,H25CHUS,0,1,317,0,0,0,0,0,0,0,0,0,0,Productos,34,0,317,SI,0,0,0,SI,0,0,Una,0,0,0,0,NO
130,5,1,0,0,0,H25FR,PRE FRESA 25 LBS,,0,0,0,PREMEZCLA FRESA 25 LBS,0,1,204.25,0,0,0,0,0,0,0,0,0,0,Productos,34,0,204.25,SI,0,0,0,SI,0,0,Una,0,0,0,0,NO
131,5,1,0,0,0,H25US,PREZCLA VAINILLA USPANTAN,,0,0,0,PREZCLA VAINILLA US,0,1,225,0,0,0,0,0,0,0,0,0,0,Productos,34,0,225,SI,0,0,0,SI,0,0,Una,0,0,0,0,NO
132,5,1,0,0,0,HEL,HARINA EL LEON ,,0,0,0,H DE LEON,0,1,82,0,0,0,0,0,0,0,0,0,0,Productos,34,0,82,SI,0,0,0,SI,0,0,Una,0,0,0,0,NO
133,5,1,0,0,0,HEL25,H. EL LEON 25 LBS,,0,0,0,H LEON 25 LBS,0,1,89.5,0,0,0,0,0,0,0,0,0,0,Productos,34,0,89.5,SI,0,0,0,SI,0,0,Una,0,0,0,0,NO
134,5,1,0,0,0,HO,H OSO BLANCO,,0,0,0,H OB,0,1,326,0,0,0,0,0,0,0,0,0,0,Productos,34,0,326,SI,0,0,0,SI,0,0,Una,0,0,0,0,NO
135,5,1,0,0,0,HO25,H. OSO BLANCO  25LB,,0,0,0,H OSO 25,0,1,86,0,0,0,0,0,0,0,0,0,0,Productos,34,0,86,SI,0,0,0,SI,0,0,Una,0,0,0,0,NO
136,5,1,0,0,0,HTS US,H. TRIGUELA US,,0,0,0,HTS US,0,1,276.5,0,0,0,0,0,0,0,0,0,0,Productos,34,0,276.5,SI,0,0,0,SI,0,0,Una,0,0,0,0,NO
137,5,1,0,0,0,UHD,H. DAMA D US,,0,0,0,H DAMA D US,0,1,301.25,0,0,0,0,0,0,0,0,0,0,Productos,34,0,301.25,SI,0,0,0,SI,0,0,Una,0,0,0,0,NO
138,5,1,0,0,0,UHSD,H. SOL D US,,0,0,0,H. SOL D US,0,1,335,0,0,0,0,0,0,0,0,0,0,Productos,34,0,335,SI,0,0,0,SI,0,0,Una,0,0,0,0,NO
139,5,1,0,0,0,UHSS,H. SOL SUAVE US,,0,0,0,H. SOL SUAVE US,0,1,311,0,0,0,0,0,0,0,0,0,0,Productos,34,0,311,SI,0,0,0,SI,0,0,Una,0,0,0,0,NO
140,4,1,0,0,0,AFL,COMBO DE AZUCAR Y ROYAL FLESH,,0,0,0,C  A + R FL,0,1,,0,0,0,0,0,0,0,0,0,0,Productos,34,0,,SI,0,0,0,SI,0,0,Una,0,0,0,0,NO
141,4,1,0,0,0,AL,COMBO AZUCAR Y LEVADURA,,0,0,0,C  A + L,0,1,,0,0,0,0,0,0,0,0,0,0,Productos,34,0,,SI,0,0,0,SI,0,0,Una,0,0,0,0,NO
142,4,1,0,0,0,ARH,COMBO AZUCAR Y ROYAL HILLMAN,,0,0,0,C A + R H,0,1,,0,0,0,0,0,0,0,0,0,0,Productos,34,0,,SI,0,0,0,SI,0,0,Una,0,0,0,0,NO
143,4,1,0,0,0,ART,COMBO AZUCAR Y ROYAL TIGRE,,0,0,0,C A + RT,0,1,,0,0,0,0,0,0,0,0,0,0,Productos,34,0,,SI,0,0,0,SI,0,0,Una,0,0,0,0,NO
144,4,1,0,0,0,C A + LIN,COMBO AZÚCAR + LIN,,0,0,0,CA + LIN,0,1,,0,0,0,0,0,0,0,0,0,0,Productos,34,0,,SI,0,0,0,SI,0,0,Una,0,0,0,0,NO
145,4,1,0,0,0,C HEP + L,HEP+L,,0,0,0,HEP + L,0,1,,0,0,0,0,0,0,0,0,0,0,Productos,34,0,,SI,0,0,0,SI,0,0,Una,0,0,0,0,NO
146,4,1,0,0,0,C HEP + LIN,HEP+LIN,,0,0,0,HEP + LIN,0,1,,0,0,0,0,0,0,0,0,0,0,Productos,34,0,,SI,0,0,0,SI,0,0,Una,0,0,0,0,NO
147,4,1,0,0,0,C HG + L,C. H golondrina + Lev,,0,0,0,C HG + L,0,1,,0,0,0,0,0,0,0,0,0,0,Productos,34,0,,SI,0,0,0,SI,0,0,Una,0,0,0,0,NO
148,4,1,0,0,0,C HPS + L,C HPS+L,,0,0,0,C HPS Y LEVADURA,0,1,,0,0,0,0,0,0,0,0,0,0,Productos,34,0,,SI,0,0,0,SI,0,0,Una,0,0,0,0,NO
149,4,1,0,0,0,C HTS + LIN,C HTS + LIN,,0,0,0,C HT SUAVE + LIN,0,1,,0,0,0,0,0,0,0,0,0,0,Productos,34,0,,SI,0,0,0,SI,0,0,Una,0,0,0,0,NO
150,4,1,0,0,0,C M27CR,C M27CR + L,,0,0,0,C M27CR + L,0,1,,0,0,0,0,0,0,0,0,0,0,Productos,34,0,,SI,0,0,0,SI,0,0,Una,0,0,0,0,NO
151,4,1,0,0,0,C M27O + LIN,C M27O + LIN,,0,0,0,C M27O + LIN,0,1,,0,0,0,0,0,0,0,0,0,0,Productos,34,0,,SI,0,0,0,SI,0,0,Una,0,0,0,0,NO
152,4,1,0,0,0,HALL,COMBO ALPAN Y LEVADURA,,0,0,0,C HAL + L,0,1,,0,0,0,0,0,0,0,0,0,0,Productos,34,0,,SI,0,0,0,SI,0,0,Una,0,0,0,0,NO
153,4,1,0,0,0,HALSL,COMBO H ALPAN SUAVE Y LEVADURA,,0,0,0,C H AL SUAVE + L,0,1,,0,0,0,0,0,0,0,0,0,0,Productos,34,0,,SI,0,0,0,SI,0,0,Una,0,0,0,0,NO
154,4,1,0,0,0,HBL,COMBO BATIDOS Y LEVADURA,,0,0,0,C HB + L,0,1,,0,0,0,0,0,0,0,0,0,0,Productos,34,0,,SI,0,0,0,SI,0,0,Una,0,0,0,0,NO
155,4,1,0,0,0,HBRL,COMBO BOLA ROJA Y LEVADURA,,0,0,0,C HBR + L,0,1,,0,0,0,0,0,0,0,0,0,0,Productos,34,0,,SI,0,0,0,SI,0,0,Una,0,0,0,0,NO
156,4,1,0,0,0,HCL,COMBO COUNTRY Y LEVADURA,,0,0,0,C HC + L,0,1,,0,0,0,0,0,0,0,0,0,0,Productos,34,0,,SI,0,0,0,SI,0,0,Una,0,0,0,0,NO
157,4,1,0,0,0,HCLIN,COMBO COUNTRY Y LIN,,0,0,0,C HC Y LIN,0,1,,0,0,0,0,0,0,0,0,0,0,Productos,34,0,,SI,0,0,0,SI,0,0,Una,0,0,0,0,NO
158,4,1,0,0,0,HD+LIN,H DAMA + LIN,,0,0,0,C HD + LIN,0,1,,0,0,0,0,0,0,0,0,0,0,Productos,34,0,,SI,0,0,0,SI,0,0,Una,0,0,0,0,NO
159,4,1,0,0,0,HDL,H DAMA Y LEVADURA,,0,0,0,C HD + L,0,1,,0,0,0,0,0,0,0,0,0,0,Productos,34,0,,SI,0,0,0,SI,0,0,Una,0,0,0,0,NO
160,4,1,0,0,0,HDRL,COMBO DAMA ROJA Y LEVADURA,,0,0,0,C H D R + L,0,1,,0,0,0,0,0,0,0,0,0,0,Productos,34,0,,SI,0,0,0,SI,0,0,Una,0,0,0,0,NO
161,4,1,0,0,0,HFAL,COMBO FAISAN Y LEVA,,0,0,0,C FA + L,0,1,,0,0,0,0,0,0,0,0,0,0,Productos,34,0,,SI,0,0,0,SI,0,0,Una,0,0,0,0,NO
162,4,1,0,0,0,HFL,COMBO FORTALEZA Y LEVADURA,,0,0,0,C HF + L,0,1,,0,0,0,0,0,0,0,0,0,0,Productos,34,0,,SI,0,0,0,SI,0,0,Una,0,0,0,0,NO
163,4,1,0,0,0,HGAL,COMBO GALLO AZUL Y LEVADURA,,0,0,0,C HG + L,0,1,,0,0,0,0,0,0,0,0,0,0,Productos,34,0,,SI,0,0,0,SI,0,0,Una,0,0,0,0,NO
164,4,1,0,0,0,HHL,COMBO H HOJALDRE Y LEVADURA,,0,0,0,C HH + L,0,1,,0,0,0,0,0,0,0,0,0,0,Productos,34,0,,SI,0,0,0,SI,0,0,Una,0,0,0,0,NO
165,4,1,0,0,0,HHML,COMBO HARIMASA Y LEVADURA,,0,0,0,C HHM + L,0,1,,0,0,0,0,0,0,0,0,0,0,Productos,34,0,,SI,0,0,0,SI,0,0,Una,0,0,0,0,NO
166,4,1,0,0,0,HHMSL,COMBO HARIMASA SUA Y LEVA,,0,0,0,C HHMS+ L,0,1,,0,0,0,0,0,0,0,0,0,0,Productos,34,0,,SI,0,0,0,SI,0,0,Una,0,0,0,0,NO
167,4,1,0,0,0,HMEL,COMBO GRAN MEDALLA Y LEVADURA,,0,0,0,C HME + L,0,1,,0,0,0,0,0,0,0,0,0,0,Productos,34,0,,SI,0,0,0,SI,0,0,Una,0,0,0,0,NO
168,4,1,0,0,0,HML,COMBO H MONJA Y LEVADURA,,0,0,0,C H M + L,0,1,,0,0,0,0,0,0,0,0,0,0,Productos,34,0,,SI,0,0,0,SI,0,0,Una,0,0,0,0,NO
169,4,1,0,0,0,HMML,COMBO H MEDALLA MILAGROSA Y LEVADURA,,0,0,0,C HMM + L,0,1,,0,0,0,0,0,0,0,0,0,0,Productos,34,0,,SI,0,0,0,SI,0,0,Una,0,0,0,0,NO
170,4,1,0,0,0,HOVL,COMBO H ORO VERDE Y LEVA,,0,0,0,C  H OV  + L,0,1,,0,0,0,0,0,0,0,0,0,0,Productos,34,0,,SI,0,0,0,SI,0,0,Una,0,0,0,0,NO
171,4,1,0,0,0,HPL,COMBO H  PANADERA Y LEVADURA,,0,0,0,C HP  + L,0,1,,0,0,0,0,0,0,0,0,0,0,Productos,34,0,,SI,0,0,0,SI,0,0,Una,0,0,0,0,NO
172,4,1,0,0,0,HSDL,COMBO H SOL DURA Y LEVA,,0,0,0,C H S D + L,0,1,,0,0,0,0,0,0,0,0,0,0,Productos,34,0,,SI,0,0,0,SI,0,0,Una,0,0,0,0,NO
173,4,1,0,0,0,HSSL,COMBO H SOL SUAVE Y LEVA,,0,0,0,C H S S + L,0,1,,0,0,0,0,0,0,0,0,0,0,Productos,34,0,,SI,0,0,0,SI,0,0,Una,0,0,0,0,NO
174,4,1,0,0,0,HTHL,COMBO H THESEUS Y LEVA,,0,0,0,C HTH + L,0,1,,0,0,0,0,0,0,0,0,0,0,Productos,34,0,,SI,0,0,0,SI,0,0,Una,0,0,0,0,NO
175,4,1,0,0,0,HTSL,COMBO H TRIGUEÑA Y LEVA,,0,0,0,C H TS + L,0,1,,0,0,0,0,0,0,0,0,0,0,Productos,34,0,,SI,0,0,0,SI,0,0,Una,0,0,0,0,NO
176,4,1,0,0,0,HTVL,COMBO HT VERDE Y LEVA,,0,0,0,C H T V + L,0,1,,0,0,0,0,0,0,0,0,0,0,Productos,34,0,,SI,0,0,0,SI,0,0,Una,0,0,0,0,NO
177,4,1,0,0,0,HVL,COMBO H VIRGEN Y LEVADURA,,0,0,0,C H V + L,0,1,,0,0,0,0,0,0,0,0,0,0,Productos,34,0,,SI,0,0,0,SI,0,0,Una,0,0,0,0,NO
178,4,1,0,0,0,M27L,Combo Costeña y Leva,,0,0,0,C M27 + L,0,1,,0,0,0,0,0,0,0,0,0,0,Productos,34,0,,SI,0,0,0,SI,0,0,Una,0,0,0,0,NO
179,4,1,0,0,0,M27OL+L,COM Manteca OL +,,0,0,0,C M27OL + L,0,1,,0,0,0,0,0,0,0,0,0,0,Productos,34,0,,SI,0,0,0,SI,0,0,Una,0,0,0,0,NO
180,4,1,0,0,0,M27ORL,Combo Manteca Orosí y Leva,,0,0,0,C M27OR + L,0,1,,0,0,0,0,0,0,0,0,0,0,Productos,34,0,,SI,0,0,0,SI,0,0,Una,0,0,0,0,NO
181,4,1,0,0,0,M27SL,COMBO DE M.S CLARA Y LEVA,,0,0,0,C M27S + L,0,1,,0,0,0,0,0,0,0,0,0,0,Productos,34,0,,SI,0,0,0,SI,0,0,Una,0,0,0,0,NO
182,4,1,0,0,0,MCHL,COMBO MARG CAP HOJALDRE Y LEVA,,0,0,0,C M C H + L,0,1,,0,0,0,0,0,0,0,0,0,0,Productos,34,0,,SI,0,0,0,SI,0,0,Una,0,0,0,0,NO
183,4,1,0,0,0,MCIL,COMBO DE INDUSTRIAL Y LEVA,,0,0,0,C MCI + L,0,1,,0,0,0,0,0,0,0,0,0,0,Productos,34,0,,SI,0,0,0,SI,0,0,Una,0,0,0,0,NO
184,4,1,0,0,0,MCINL,COMBO MARG IND Y LEVADURA,,0,0,0,C MIO + L,0,1,,0,0,0,0,0,0,0,0,0,0,Productos,34,0,,SI,0,0,0,SI,0,0,Una,0,0,0,0,NO
185,4,1,0,0,0,MCPANL,MCPAN Y LEVA,,0,0,0,C MCPAN + L,0,1,,0,0,0,0,0,0,0,0,0,0,Productos,34,0,,SI,0,0,0,SI,0,0,Una,0,0,0,0,NO
186,4,1,0,0,0,MIOL,COMBO MARG IND Y LEVADURA,,0,0,0,C MIO + L,0,1,,0,0,0,0,0,0,0,0,0,0,Productos,34,0,,SI,0,0,0,SI,0,0,Una,0,0,0,0,NO
187,4,1,0,0,0,MISOLL,C  MISOL * LEVA,,0,0,0,C  MISOL * LEVA,0,1,,0,0,0,0,0,0,0,0,0,0,Productos,34,0,,SI,0,0,0,SI,0,0,Una,0,0,0,0,NO
188,4,1,0,0,0,MOHL,COMBO MARG OLMCA HOJALDRE Y LEVA,,0,0,0,C MOH + L,0,1,,0,0,0,0,0,0,0,0,0,0,Productos,34,0,,SI,0,0,0,SI,0,0,Una,0,0,0,0,NO
189,4,1,0,0,0,MOPL,COMBO MARG OLM REPOS /PAST Y LEVA,,0,0,0,C MOP + L,0,1,,0,0,0,0,0,0,0,0,0,0,Productos,34,0,,SI,0,0,0,SI,0,0,Una,0,0,0,0,NO
